case,cp,S,K,r,q,sigma,T,american,european,diff,diff_bp
q=0 call,call,100.0,142.85714285714286,0.0,0.0,0.15,0.0821917808219178,3.298695466550247e-17,3.298444648418261e-17,2.508181319859843e-21,NaN
q=0 call,call,100.0,142.85714285714286,0.02,0.0,0.15,0.0821917808219178,4.562578992994179e-17,4.562238338379174e-17,3.406546150047202e-21,NaN
q=0 call,call,100.0,142.85714285714286,0.05,0.0,0.15,0.0821917808219178,7.402080935655598e-17,7.401543258720305e-17,5.376769352930621e-21,NaN
q=0 call,call,100.0,142.85714285714286,0.08,0.0,0.15,0.0821917808219178,1.1970356449957425e-16,1.1969510670703272e-16,8.457792541528938e-21,NaN
q=0 call,call,100.0,142.85714285714286,0.0,0.0,0.3,0.0821917808219178,3.7870019333396586e-5,3.78698263963158e-5,1.929370807880076e-10,NaN
q=0 call,call,100.0,142.85714285714286,0.02,0.0,0.3,0.0821917808219178,4.128377706891234e-5,4.1283570442075986e-5,2.0662683635494852e-10,NaN
q=0 call,call,100.0,142.85714285714286,0.05,0.0,0.3,0.0821917808219178,4.6960366691334846e-5,4.6960137865606055e-5,2.2882572879166958e-10,NaN
q=0 call,call,100.0,142.85714285714286,0.08,0.0,0.3,0.0821917808219178,5.337713172509228e-5,5.337687855110464e-5,2.5317398764051037e-10,NaN
q=0 call,call,100.0,142.85714285714286,0.0,0.0,0.6,0.0821917808219178,0.1426178666666345,0.1426178149722972,5.1694337310781435e-8,0.00032575475312472506
q=0 call,call,100.0,142.85714285714286,0.02,0.0,0.6,0.0821917808219178,0.1462761991590164,0.14627614707384984,5.208516656862727e-8,0.00032205716607258065
q=0 call,call,100.0,142.85714285714286,0.05,0.0,0.6,0.0821917808219178,0.15191893993178462,0.1519188872738373,5.265794733588791e-8,0.00031652927432077786
q=0 call,call,100.0,142.85714285714286,0.08,0.0,0.6,0.0821917808219178,0.15775264467399788,0.15775259145627318,5.3217724699239355e-8,0.0003110473774255825
q=0 call,call,100.0,142.85714285714286,0.0,0.0,0.15,0.2493150684931507,1.6669062360091419e-6,1.6668917580896068e-6,1.4477919535049196e-11,NaN
q=0 call,call,100.0,142.85714285714286,0.02,0.0,0.15,0.2493150684931507,2.3361939160101205e-6,2.3361747002630443e-6,1.9215747076211168e-11,NaN
q=0 call,call,100.0,142.85714285714286,0.05,0.0,0.15,0.2493150684931507,3.846230208811655e-6,3.846201094576053e-6,2.9114235601734254e-11,NaN
q=0 call,call,100.0,142.85714285714286,0.08,0.0,0.15,0.2493150684931507,6.27372796490439e-6,6.273684337244911e-6,4.3627659478644295e-11,NaN
q=0 call,call,100.0,142.85714285714286,0.0,0.0,0.3,0.2493150684931507,0.05143476299187397,0.05143473134278631,3.164908765618257e-8,0.00022697965930290246
q=0 call,call,100.0,142.85714285714286,0.02,0.0,0.3,0.2493150684931507,0.056663644409661665,0.056663611362772315,3.304688935001909e-8,0.0002196124962456681
q=0 call,call,100.0,142.85714285714286,0.05,0.0,0.3,0.2493150684931507,0.06540551252942085,0.06540547738500435,3.514441650198652e-8,0.00020875465898863486
q=0 call,call,100.0,142.85714285714286,0.08,0.0,0.3,0.2493150684931507,0.07533784314987388,0.0753378059244727,3.7225401178231365e-8,0.00019813233861074378
q=0 call,call,100.0,142.85714285714286,0.0,0.0,0.6,0.2493150684931507,2.0327770553933195,2.03277698998153,6.541178976249284e-8,5.643894493705768e-5
q=0 call,call,100.0,142.85714285714286,0.02,0.0,0.6,0.2493150684931507,2.0977417743724653,2.097741712174157,6.219830828158024e-8,5.2751969343586475e-5
q=0 call,call,100.0,142.85714285714286,0.05,0.0,0.6,0.2493150684931507,2.198256258096381,2.198256200868819,5.722756180048805e-8,4.732567304845775e-5
q=0 call,call,100.0,142.85714285714286,0.08,0.0,0.6,0.2493150684931507,2.3025271368452542,2.3025270847742387,5.2071015499421947e-8,4.201358536527362e-5
q=0 call,call,100.0,142.85714285714286,0.0,0.0,0.15,1.0,0.05201120201091125,0.05201117017392165,3.183698960018688e-8,0.0001131259804421713
q=0 call,call,100.0,142.85714285714286,0.02,0.0,0.15,1.0,0.0761923359478387,0.07619229852056719,3.74272715042423e-8,9.870320101513912e-5
q=0 call,call,100.0,142.85714285714286,0.05,0.0,0.15,1.0,0.13137933106527505,0.1313792859630234,4.510225165565984e-8,7.862974006783873e-5
q=0 call,call,100.0,142.85714285714286,0.08,0.0,0.15,1.0,0.21919840942283256,0.21919835904787321,5.037495934279157e-8,6.042555533613359e-5
q=0 call,call,100.0,142.85714285714286,0.0,0.0,0.3,1.0,2.0423316952776647,2.04233163007577,6.520189455017089e-8,2.8036737176965068e-5
q=0 call,call,100.0,142.85714285714286,0.02,0.0,0.3,1.0,2.3135233058629665,2.3135232540689987,5.1793967781321726e-8,2.0827244891655273e-5
q=0 call,call,100.0,142.85714285714286,0.05,0.0,0.3,1.0,2.7722950969599838,2.7722950675341522,2.9425831549190207e-8,1.0790177409505393e-5
q=0 call,call,100.0,142.85714285714286,0.08,0.0,0.3,1.0,3.2981074095832073,3.2981074045885883,4.994618940656892e-9,1.6869116787850205e-6
q=0 call,call,100.0,142.85714285714286,0.0,0.0,0.6,1.0,11.914905193144087,11.914905349990647,-1.5684656062830982e-7,4.105753083924589e-5
q=0 call,call,100.0,142.85714285714286,0.02,0.0,0.6,1.0,12.452438698712289,12.452438870918556,-1.7220626702396657e-7,4.466273717967764e-5
q=0 call,call,100.0,142.85714285714286,0.05,0.0,0.6,1.0,13.286470214059555,13.286470407889514,-1.9382995830596883e-7,4.968095072548626e-5
q=0 call,call,100.0,142.85714285714286,0.08,0.0,0.6,1.0,14.153495716627464,14.153495930194648,-2.1356718349352377e-7,5.423277974205697e-5
q=0 call,call,100.0,142.85714285714286,0.0,0.0,0.15,2.0,0.48309735335829945,0.4830972766677144,7.669058504911064e-8,4.701039391519741e-5
q=0 call,call,100.0,142.85714285714286,0.02,0.0,0.15,2.0,0.7373532472774045,0.7373531760909424,7.118646205839241e-8,3.300390268865867e-5
q=0 call,call,100.0,142.85714285714286,0.05,0.0,0.15,2.0,1.3205983962349008,1.3205983498694813,4.636541950375772e-8,1.5114337710063e-5
q=0 call,call,100.0,142.85714285714286,0.08,0.0,0.15,2.0,2.2282249004809733,2.2282248965890297,3.891943656242347e-9,9.663447032985819e-7
q=0 call,call,100.0,142.85714285714286,0.0,0.0,0.3,2.0,5.594598288371848,5.594598310095236,-2.1723388421435175e-8,4.691312830543515e-6
q=0 call,call,100.0,142.85714285714286,0.02,0.0,0.3,2.0,6.475705239766759,6.475705296969426,-5.720266749165148e-8,1.1694362107387222e-5
q=0 call,call,100.0,142.85714285714286,0.05,0.0,0.3,2.0,7.973017180721141,7.973017288515333,-1.0779419223894138e-7,2.0638779162865346e-5
q=0 call,call,100.0,142.85714285714286,0.08,0.0,0.3,2.0,9.68694639514052,9.686946546626835,-1.514863150475776e-7,2.7712539064973837e-5
q=0 call,call,100.0,142.85714285714286,0.0,0.0,0.6,2.0,21.704265795147215,21.704266104263535,-3.091163200963365e-7,5.4789861855935e-5
q=0 call,call,100.0,142.85714285714286,0.02,0.0,0.6,2.0,22.85699377602957,22.856994104471184,-3.284416152382619e-7,5.8290693820410304e-5
q=0 call,call,100.0,142.85714285714286,0.05,0.0,0.6,2.0,24.638969341060502,24.638969692544933,-3.5148443089383363e-7,6.276259044523396e-5
q=0 call,call,100.0,142.85714285714286,0.08,0.0,0.6,2.0,26.480162579289612,26.480162946494136,-3.672045245650679e-7,6.630220717106691e-5
q=0 call,call,100.0,117.64705882352942,0.0,0.0,0.15,0.0821917808219178,8.671673454627529e-5,8.671642517537465e-5,3.0937090064221684e-10,NaN
q=0 call,call,100.0,117.64705882352942,0.02,0.0,0.15,0.0821917808219178,0.00010178694772571299,0.00010178659845115103,3.4927456196362505e-10,NaN
q=0 call,call,100.0,117.64705882352942,0.05,0.0,0.15,0.0821917808219178,0.00012912026584388747,0.00012911984820159796,4.176422895127603e-10,NaN
q=0 call,call,100.0,117.64705882352942,0.08,0.0,0.15,0.0821917808219178,0.00016330571533893916,0.0001633052178740442,4.974648949609799e-10,NaN
q=0 call,call,100.0,117.64705882352942,0.0,0.0,0.3,0.0821917808219178,0.10586913944714396,0.10586911269403254,2.6753111420640963e-8,0.00012867658433987064
q=0 call,call,100.0,117.64705882352942,0.02,0.0,0.3,0.0821917808219178,0.11113264889896934,0.1111326219142712,2.6984698142662467e-8,0.00012531249721238683
q=0 call,call,100.0,117.64705882352942,0.05,0.0,0.3,0.0821917808219178,0.11945633252155412,0.11945630522803885,2.7293515267312607e-8,0.00012032646225553998
q=0 call,call,100.0,117.64705882352942,0.08,0.0,0.3,0.0821917808219178,0.12831822375639002,0.1283181962011115,2.755527850339945e-8,0.00011542191795010677
q=0 call,call,100.0,117.64705882352942,0.0,0.0,0.6,0.0821917808219178,1.7209113180304554,1.7209113126143407,5.416114667866623e-9,6.847214919266861e-6
q=0 call,call,100.0,117.64705882352942,0.02,0.0,0.6,0.0821917808219178,1.7503678872701585,1.7503678831577076,4.1124508243228775e-9,5.156825566685622e-6
q=0 call,call,100.0,117.64705882352942,0.05,0.0,0.6,0.0821917808219178,1.7952815838052318,1.7952815816538745,2.1513573145170994e-9,2.6653365695491735e-6
q=0 call,call,100.0,117.64705882352942,0.08,0.0,0.6,0.0821917808219178,1.841078572799143,1.841078572623342,1.758009293695295e-10,2.1523242698501632e-7
q=0 call,call,100.0,117.64705882352942,0.0,0.0,0.15,0.2493150684931507,0.04321044707741087,0.04321042842620937,1.865120149990851e-8,9.096216825237721e-5
q=0 call,call,100.0,117.64705882352942,0.02,0.0,0.15,0.2493150684931507,0.05190864613006138,0.05190862625073711,1.9879324270055676e-8,8.430670027418104e-5
q=0 call,call,100.0,117.64705882352942,0.05,0.0,0.15,0.2493150684931507,0.06787821278695429,0.06787819124209937,2.1544854914012923e-8,7.470900943704346e-5
q=0 call,call,100.0,117.64705882352942,0.08,0.0,0.15,0.2493150684931507,0.08803734498894539,0.08803732208978898,2.2899156404410093e-8,6.557659533010121e-5
q=0 call,call,100.0,117.64705882352942,0.0,0.0,0.3,0.2493150684931507,1.1463802358575932,1.146380215876789,1.998080412235481e-8,1.6705607936425485e-5
q=0 call,call,100.0,117.64705882352942,0.02,0.0,0.3,0.2493150684931507,1.2203951355273013,1.2203951189835927,1.6543708625249565e-8,1.3381995731934093e-5
q=0 call,call,100.0,117.64705882352942,0.05,0.0,0.3,0.2493150684931507,1.3384494402048668,1.3384494290781852,1.1126681576101305e-8,8.58250398120254e-6
q=0 call,call,100.0,117.64705882352942,0.08,0.0,0.3,0.2493150684931507,1.4652845232493008,1.4652845178009635,5.4483373368441335e-9,4.017495919790893e-6
q=0 call,call,100.0,117.64705882352942,0.0,0.0,0.6,0.2493150684931507,5.976700045317311,5.976700135123178,-8.980586674312008e-8,4.869717744014286e-5
q=0 call,call,100.0,117.64705882352942,0.02,0.0,0.6,0.2493150684931507,6.121238362979925,6.121238456452204,-9.347227880596165e-8,5.036207967683363e-5
q=0 call,call,100.0,117.64705882352942,0.05,0.0,0.6,0.2493150684931507,6.3424697661034,6.34246986492203,-9.881863061167451e-8,5.276158675319669e-5
q=0 call,call,100.0,117.64705882352942,0.08,0.0,0.6,0.2493150684931507,6.569030480005773,6.569030583974772,-1.039689996318316e-7,5.504422533781233e-5
q=0 call,call,100.0,117.64705882352942,0.0,0.0,0.15,1.0,1.1513096048547515,1.1513095849938022,1.9860949329597588e-8,8.278023321270738e-6
q=0 call,call,100.0,117.64705882352942,0.02,0.0,0.15,1.0,1.4718370037616555,1.4718369985006632,5.2609923084645516e-9,1.934010896126983e-6
q=0 call,call,100.0,117.64705882352942,0.05,0.0,0.15,1.0,2.0775351705005574,2.0775351896328296,-1.913227221095326e-8,6.0232542398906925e-6
q=0 call,call,100.0,117.64705882352942,0.08,0.0,0.15,1.0,2.8528086909234207,2.8528087340861106,-4.3162689866704795e-8,1.2112068511424683e-5
q=0 call,call,100.0,117.64705882352942,0.0,0.0,0.3,1.0,5.991891652313178,5.991891742420016,-9.010683754695492e-8,2.438761922615395e-5
q=0 call,call,100.0,117.64705882352942,0.02,0.0,0.3,1.0,6.586269656838252,6.586269761114515,-1.0427626317977001e-7,2.7556272953541387e-5
q=0 call,call,100.0,117.64705882352942,0.05,0.0,0.3,1.0,7.549482810415736,7.549482933081677,-1.2266594140442066e-7,3.153647701505198e-5
q=0 call,call,100.0,117.64705882352942,0.08,0.0,0.3,1.0,8.599100920890344,8.599101057777922,-1.3688757860563783e-7,3.458201759693429e-5
q=0 call,call,100.0,117.64705882352942,0.0,0.0,0.6,1.0,17.745026723715515,17.745026991965787,-2.6825027177324046e-7,6.726891631281239e-5
q=0 call,call,100.0,117.64705882352942,0.02,0.0,0.6,1.0,18.41992901058139,18.419929284735097,-2.741537059591792e-7,6.885435754889399e-5
q=0 call,call,100.0,117.64705882352942,0.05,0.0,0.6,1.0,19.456395805029665,19.456396085878076,-2.8084841119380144e-7,7.08449069266851e-5
q=0 call,call,100.0,117.64705882352942,0.08,0.0,0.6,1.0,20.520798465838695,20.52079875075907,-2.849203752930407e-7,7.236778163209978e-5
q=0 call,call,100.0,117.64705882352942,0.0,0.0,0.15,2.0,2.925258983801255,2.9252590083608894,-2.4559634326237756e-8,5.412552200043563e-6
q=0 call,call,100.0,117.64705882352942,0.02,0.0,0.15,2.0,3.9330450039085108,3.933045061170475,-5.72619640593075e-8,1.134264629447709e-5
q=0 call,call,100.0,117.64705882352942,0.05,0.0,0.15,2.0,5.8681512028802665,5.868151297742251,-9.486198493391385e-8,1.711572279944846e-5
q=0 call,call,100.0,117.64705882352942,0.08,0.0,0.15,2.0,8.33214345906761,8.332143566624303,-1.0755669421769198e-7,1.9148683793707028e-5
q=0 call,call,100.0,117.64705882352942,0.0,0.0,0.3,2.0,10.760189919774456,10.760190091601999,-1.7182754241673592e-7,3.0903810183053816e-5
q=0 call,call,100.0,117.64705882352942,0.02,0.0,0.3,2.0,12.106218186840495,12.106218377354168,-1.9051367239342198e-7,3.38670057800022e-5
q=0 call,call,100.0,117.64705882352942,0.05,0.0,0.3,2.0,14.300840037276117,14.300840244203997,-2.0692787927600875e-7,3.675403356938108e-5
q=0 call,call,100.0,117.64705882352942,0.08,0.0,0.3,2.0,16.69496891711872,16.694969125736513,-2.0861779148617643e-7,3.777100856181937e-5
q=0 call,call,100.0,117.64705882352942,0.0,0.0,0.6,2.0,27.55275444071239,27.552754813536573,-3.728241821931988e-7,6.789546740974578e-5
q=0 call,call,100.0,117.64705882352942,0.02,0.0,0.6,2.0,28.82970851790911,28.82970889428872,-3.763796101452499e-7,6.937612919050434e-5
q=0 call,call,100.0,117.64705882352942,0.05,0.0,0.6,2.0,30.783615876497635,30.783616252230487,-3.75732852830879e-7,7.081799218373312e-5
q=0 call,call,100.0,117.64705882352942,0.08,0.0,0.6,2.0,32.77814839015692,32.77814875842109,-3.68264167605048e-7,7.133059364916959e-5
q=0 call,call,100.0,100.0,0.0,0.0,0.15,0.0821917808219178,1.7154657476086848,1.7154657696000655,-2.1991380716457343e-8,1.923218507381641e-5
q=0 call,call,100.0,100.0,0.02,0.0,0.15,0.0821917808219178,1.79743313028651,1.7974331522027711,-2.191626102820976e-8,1.9196269743584308e-5
q=0 call,call,100.0,100.0,0.05,0.0,0.15,0.0821917808219178,1.9248158165787643,1.92481583819972,-2.162095569246958e-8,1.9033843099511834e-5
q=0 call,call,100.0,100.0,0.08,0.0,0.15,0.0821917808219178,2.057478181755287,2.0574782028119074,-2.1056620447268415e-8,1.8692582375254605e-5
q=0 call,call,100.0,100.0,0.0,0.0,0.3,0.0821917808219178,3.430138599953588,3.4301386438779957,-4.392440766665118e-8,3.843998648748297e-5
q=0 call,call,100.0,100.0,0.02,0.0,0.3,0.0821917808219178,3.510071476675602,3.510071520547079,-4.387147711781836e-8,3.843225322808556e-5
q=0 call,call,100.0,100.0,0.05,0.0,0.3,0.0821917808219178,3.632067140772292,3.6320671844517847,-4.367949246741887e-8,3.834802943423923e-5
q=0 call,call,100.0,100.0,0.08,0.0,0.3,0.0821917808219178,3.756567275569846,3.756567318930273,-4.3360426804639474e-8,3.8182806769672343e-5
q=0 call,call,100.0,100.0,0.0,0.0,0.6,0.0821917808219178,6.853940630839455,6.853940718253547,-8.741409196488803e-8,7.67120315606335e-5
q=0 call,call,100.0,100.0,0.02,0.0,0.6,0.0821917808219178,6.930748081101644,6.930748168437475,-8.733583101161457e-8,7.67098751391516e-5
q=0 call,call,100.0,100.0,0.05,0.0,0.6,0.0821917808219178,7.046891019824875,7.046891106997144,-8.717226940291312e-8,7.66790483827845e-5
q=0 call,call,100.0,100.0,0.08,0.0,0.6,0.0821917808219178,7.164147771812839,7.164147858744805,-8.693196562603589e-8,7.659609754639533e-5
q=0 call,call,100.0,100.0,0.0,0.0,0.15,0.2493150684931507,2.9872672925863393,2.9872673308551683,-3.8268828994603155e-8,1.922495669439805e-5
q=0 call,call,100.0,100.0,0.02,0.0,0.15,0.2493150684931507,3.235130823183103,3.2351308610625438,-3.787944091726558e-8,1.9119167309140935e-5
q=0 call,call,100.0,100.0,0.05,0.0,0.15,0.2493150684931507,3.6291878469300483,3.629187883172875,-3.624282696179648e-8,1.857652637835702e-5
q=0 call,call,100.0,100.0,0.08,0.0,0.15,0.2493150684931507,4.049361000264897,4.0493610336805475,-3.341565069092667e-8,1.7567114887659525e-5
q=0 call,call,100.0,100.0,0.0,0.0,0.3,0.2493150684931507,5.970348675007195,5.970348751257191,-7.624999653899067e-8,3.838606596937425e-5
q=0 call,call,100.0,100.0,0.02,0.0,0.3,0.2493150684931507,6.207488334657048,6.207488410559634,-7.590258555012497e-8,3.832778505311834e-5
q=0 call,call,100.0,100.0,0.05,0.0,0.3,0.2493150684931507,6.573281075785772,6.573281150664094,-7.487832220931523e-8,3.806279020165131e-5
q=0 call,call,100.0,100.0,0.08,0.0,0.3,0.2493150684931507,6.951003979089716,6.951004052300782,-7.321106565427726e-8,3.7557041219181036e-5
q=0 call,call,100.0,100.0,0.0,0.0,0.6,0.2493150684931507,11.907315475457931,11.907315625640912,-1.5018298071822755e-7,7.624455201399254e-5
q=0 call,call,100.0,100.0,0.02,0.0,0.6,0.2493150684931507,12.128030005943758,12.12803015568121,-1.4973745088298074e-7,7.621868433775248e-5
q=0 call,call,100.0,100.0,0.05,0.0,0.6,0.2493150684931507,12.46314422513527,12.463144373936643,-1.4880137300110619e-7,7.60812954355648e-5
q=0 call,call,100.0,100.0,0.08,0.0,0.6,0.2493150684931507,12.803047886236513,12.803048033789928,-1.475534148198676e-7,7.582822032048804e-5
q=0 call,call,100.0,100.0,0.0,0.0,0.15,1.0,5.978528734225838,5.978528810578943,-7.635310517173366e-8,1.9192789109438798e-5
q=0 call,call,100.0,100.0,0.02,0.0,0.15,1.0,6.961841571259647,6.9618416445541556,-7.329450824045125e-8,1.8775268782000755e-5
q=0 call,call,100.0,100.0,0.05,0.0,0.15,1.0,8.591658251193943,8.591658312089145,-6.089520176999486e-8,1.6591257146678053e-5
q=0 call,call,100.0,100.0,0.08,0.0,0.15,1.0,10.389610594772563,10.389610636349929,-4.157736555043812e-8,1.2540257688052884e-5
q=0 call,call,100.0,100.0,0.0,0.0,0.3,1.0,11.923538323661576,11.923538474048499,-1.5038692247060226e-7,3.812289027272703e-5
q=0 call,call,100.0,100.0,0.02,0.0,0.3,1.0,12.821581244969773,12.82158139269142,-1.477216482470567e-7,3.790774369202837e-5
q=0 call,call,100.0,100.0,0.05,0.0,0.3,1.0,14.231254646281773,14.231254785985826,-1.3970405277063946e-7,3.681916896960053e-5
q=0 call,call,100.0,100.0,0.08,0.0,0.3,1.0,15.711312420610573,15.711312547892973,-1.2728239973114341e-7,3.4798254712078985e-5
q=0 call,call,100.0,100.0,0.0,0.0,0.6,1.0,23.582284155044405,23.582284437790527,-2.8274612162704216e-7,7.413611818868084e-5
q=0 call,call,100.0,100.0,0.02,0.0,0.6,1.0,24.351455604956698,24.35145588433548,-2.793787814425741e-7,7.403052413072604e-5
q=0 call,call,100.0,100.0,0.05,0.0,0.6,1.0,25.5232053932111,25.523205665609503,-2.7239840250103953e-7,7.348573988000563e-5
q=0 call,call,100.0,100.0,0.08,0.0,0.6,1.0,26.715088929742382,26.71508919296491,-2.6322252821842085e-7,7.247503215100968e-5
q=0 call,call,100.0,100.0,0.0,0.0,0.15,2.0,8.447002554896823,8.447002662322816,-1.0742599343416259e-7,1.9148167655233694e-5
q=0 call,call,100.0,100.0,0.02,0.0,0.15,2.0,10.388140907675009,10.388141006619293,-9.894428387724474e-8,1.831535044381298e-5
q=0 call,call,100.0,100.0,0.05,0.0,0.15,2.0,13.676723182749994,13.676723249350488,-6.660049400863954e-8,1.3946491288703541e-5
q=0 call,call,100.0,100.0,0.08,0.0,0.15,2.0,17.32708367111966,17.327083693869604,-2.274994415074616e-8,5.838138434777669e-6
q=0 call,call,100.0,100.0,0.0,0.0,0.3,2.0,16.79959693438036,16.79959714273636,-2.0835599912061298e-7,3.7770485881530274e-5
q=0 call,call,100.0,100.0,0.02,0.0,0.3,2.0,18.50280840613906,18.50280860722713,-2.0108807063934364e-7,3.7355018581356496e-5
q=0 call,call,100.0,100.0,0.05,0.0,0.3,2.0,21.19373507579097,21.193735255280203,-1.7948923414223827e-7,3.5169275872232964e-5
q=0 call,call,100.0,100.0,0.08,0.0,0.3,2.0,24.024674601953414,24.024674749538427,-1.4758501265532686e-7,3.1118276885593645e-5
q=0 call,call,100.0,100.0,0.0,0.0,0.6,2.0,32.86267557811185,32.86267594591274,-3.678008937413324e-7,7.133032781727949e-5
q=0 call,call,100.0,100.0,0.02,0.0,0.6,2.0,34.21261122240378,34.21261158146497,-3.5906118966977374e-7,7.11210802187996e-5
q=0 call,call,100.0,100.0,0.05,0.0,0.6,2.0,36.261330366788556,36.26133070787507,-3.4108651192354955e-7,7.002556853468386e-5
q=0 call,call,100.0,100.0,0.08,0.0,0.6,2.0,38.3325016656519,38.332501983630024,-3.1797812738432185e-7,6.800221147324953e-5
q=0 call,call,100.0,86.95652173913044,0.0,0.0,0.15,0.0821917808219178,13.044094556001212,13.044094554766886,1.2343264188530156e-9,NaN
q=0 call,call,100.0,86.95652173913044,0.02,0.0,0.15,0.0821917808219178,13.186836193404389,13.186836192294066,1.110322500608163e-9,NaN
q=0 call,call,100.0,86.95652173913044,0.05,0.0,0.15,0.0821917808219178,13.400528431987278,13.400528431039817,9.474607765014298e-10,NaN
q=0 call,call,100.0,86.95652173913044,0.08,0.0,0.15,0.0821917808219178,13.613713912597127,13.613713911800133,7.969944704200316e-10,NaN
q=0 call,call,100.0,86.95652173913044,0.0,0.0,0.3,0.0821917808219178,13.219050342594256,13.219050318343932,2.4250324415220348e-8,8.52213709001809e-5
q=0 call,call,100.0,86.95652173913044,0.02,0.0,0.3,0.0821917808219178,13.353913294354626,13.353913270081222,2.4273404619634675e-8,8.808183326381966e-5
q=0 call,call,100.0,86.95652173913044,0.05,0.0,0.3,0.0821917808219178,13.556355151332212,13.556355127083322,2.4248890895250952e-8,9.239150063393793e-5
q=0 call,call,100.0,86.95652173913044,0.08,0.0,0.3,0.0821917808219178,13.758944890602875,13.758944866382109,2.4220765837412728e-8,9.697715936368824e-5
q=0 call,call,100.0,86.95652173913044,0.0,0.0,0.6,0.0821917808219178,14.925408057215964,14.925408068614061,-1.1398096688708392e-8,1.4921568370669023e-5
q=0 call,call,100.0,86.95652173913044,0.02,0.0,0.6,0.0821917808219178,15.03505351177299,15.03505352195792,-1.0184930232526312e-8,1.3448971779356135e-5
q=0 call,call,100.0,86.95652173913044,0.05,0.0,0.6,0.0821917808219178,15.199960185783805,15.199960194195143,-8.411337404368169e-9,1.1253659604869141e-5
q=0 call,call,100.0,86.95652173913044,0.08,0.0,0.6,0.0821917808219178,15.365381092146734,15.365381098778585,-6.631850624216895e-9,8.991877698779659e-6
q=0 call,call,100.0,86.95652173913044,0.0,0.0,0.15,0.2493150684931507,13.127717310324865,13.127717290045666,2.0279198764683315e-8,6.23100378466613e-5
q=0 call,call,100.0,86.95652173913044,0.02,0.0,0.15,0.2493150684931507,13.546676525170458,13.546676505670433,1.9500024706076147e-8,6.816182923251035e-5
q=0 call,call,100.0,86.95652173913044,0.05,0.0,0.15,0.2493150684931507,14.174694351907485,14.17469433379604,1.811144478836013e-8,7.74580670702807e-5
q=0 call,call,100.0,86.95652173913044,0.08,0.0,0.15,0.2493150684931507,14.801526211923154,14.80152619543,1.6493153509600234e-8,8.716774076531244e-5
q=0 call,call,100.0,86.95652173913044,0.0,0.0,0.3,0.2493150684931507,14.36114355803683,14.36114355519804,2.8387887596181827e-9,2.3683740866614674e-6
q=0 call,call,100.0,86.95652173913044,0.02,0.0,0.3,0.2493150684931507,14.711104861298168,14.711104855138387,6.1597802414326e-9,5.3173374972156544e-6
q=0 call,call,100.0,86.95652173913044,0.05,0.0,0.3,0.2493150684931507,15.239940571264615,15.23994056033493,1.0929685601013261e-8,9.95076924027827e-6
q=0 call,call,100.0,86.95652173913044,0.08,0.0,0.3,0.2493150684931507,15.773020284701738,15.773020269303274,1.5398464725535632e-8,1.4822762406563362e-5
q=0 call,call,100.0,86.95652173913044,0.0,0.0,0.6,0.2493150684931507,18.830943341534642,18.830943433576195,-9.204155304587402e-8,5.587011782197433e-5
q=0 call,call,100.0,86.95652173913044,0.02,0.0,0.6,0.2493150684931507,19.102310426724863,19.10231051540643,-8.86815669787211e-8,5.439312677022805e-5
q=0 call,call,100.0,86.95652173913044,0.05,0.0,0.6,0.2493150684931507,19.51188745782637,19.511887541366754,-8.354038527613739e-8,5.207211785415886e-5
q=0 call,call,100.0,86.95652173913044,0.08,0.0,0.6,0.2493150684931507,19.924389606855094,19.924389685173978,-7.831888382270336e-8,4.9641403148616623e-5
q=0 call,call,100.0,86.95652173913044,0.0,0.0,0.15,1.0,14.366082479820573,14.366082477123996,2.6965771837694774e-9,1.1219920684378447e-6
q=0 call,call,100.0,86.95652173913044,0.02,0.0,0.15,1.0,15.781219639626602,15.781219624287814,1.533878801751598e-8,7.364189455281066e-6
q=0 call,call,100.0,86.95652173913044,0.05,0.0,0.15,1.0,17.951774782770443,17.951774753072073,2.969836998545361e-8,1.8271679453138614e-5
q=0 call,call,100.0,86.95652173913044,0.08,0.0,0.15,1.0,20.154443388346976,20.15444335052925,3.781772761612956e-8,3.103308920717463e-5
q=0 call,call,100.0,86.95652173913044,0.0,0.0,0.3,1.0,18.84451348171485,18.844513573998675,-9.228382680248615e-8,2.796272029964262e-5
q=0 call,call,100.0,86.95652173913044,0.02,0.0,0.3,1.0,19.940416849181048,19.94041692770537,-7.852432304389367e-8,2.484588535096549e-5
q=0 call,call,100.0,86.95652173913044,0.05,0.0,0.3,1.0,21.62105945267112,21.62105950963032,-5.695920179960012e-8,1.939223967626673e-5
q=0 call,call,100.0,86.95652173913044,0.08,0.0,0.3,1.0,23.338794416963438,23.338794452115607,-3.515216917548969e-8,1.3006874492467068e-5
q=0 call,call,100.0,86.95652173913044,0.0,0.0,0.6,1.0,29.142594561221834,29.14259480025938,-2.3903754708953784e-7,6.906062726027135e-5
q=0 call,call,100.0,86.95652173913044,0.02,0.0,0.6,1.0,29.96888138278708,29.968881612167777,-2.293806957709421e-7,6.749592950798418e-5
q=0 call,call,100.0,86.95652173913044,0.05,0.0,0.6,1.0,31.219515963695606,31.21951617740269,-2.1370708225276758e-7,6.477074532258183e-5
q=0 call,call,100.0,86.95652173913044,0.08,0.0,0.6,1.0,32.48193522540288,32.48193542217911,-1.9677623441793912e-7,6.158254376403985e-5
q=0 call,call,100.0,86.95652173913044,0.0,0.0,0.15,2.0,16.06267599562827,16.062676033479114,-3.785084601304334e-8,8.988778231799086e-6
q=0 call,call,100.0,86.95652173913044,0.02,0.0,0.15,2.0,18.58814296713562,18.58814297552169,-8.38607050468454e-9,2.3417681798598007e-6
q=0 call,call,100.0,86.95652173913044,0.05,0.0,0.15,2.0,22.52980235366276,22.52980232540544,2.825731826305855e-8,1.0754984136588578e-5
q=0 call,call,100.0,86.95652173913044,0.08,0.0,0.15,2.0,26.54845622685024,26.548456177777936,4.907230533035545e-8,2.7577334716093886e-5
q=0 call,call,100.0,86.95652173913044,0.0,0.0,0.3,2.0,23.055897552449217,23.05589771172928,-1.592800629168778e-7,3.269049365805409e-5
q=0 call,call,100.0,86.95652173913044,0.02,0.0,0.3,2.0,24.982862190455073,24.982862325806003,-1.353509304635736e-7,2.936471582088947e-5
q=0 call,call,100.0,86.95652173913044,0.05,0.0,0.3,2.0,27.95452343172287,27.954523526906264,-9.518339538772125e-8,2.282026773327241e-5
q=0 call,call,100.0,86.95652173913044,0.08,0.0,0.3,2.0,30.995735471882313,30.995735525191783,-5.330947061565894e-8,1.4409363182910128e-5
q=0 call,call,100.0,86.95652173913044,0.0,0.0,0.6,2.0,37.63181534959068,37.63181567588615,-3.2629547064289e-7,6.878797895247809e-5
q=0 call,call,100.0,86.95652173913044,0.02,0.0,0.6,2.0,39.01840485577836,39.01840516512691,-3.0934855033137865e-7,6.712590142955239e-5
q=0 call,call,100.0,86.95652173913044,0.05,0.0,0.6,2.0,41.10861362679892,41.10861390742134,-2.8062242307669294e-7,6.385351191728542e-5
q=0 call,call,100.0,86.95652173913044,0.08,0.0,0.6,2.0,43.20500565148734,43.20500590023749,-2.487501475911813e-7,5.9650983673734515e-5
q=0 call,call,100.0,71.42857142857143,0.0,0.0,0.15,0.0821917808219178,28.571428571447,28.57142857142857,1.8431478565617e-11,NaN
q=0 call,call,100.0,71.42857142857143,0.02,0.0,0.15,0.0821917808219178,28.68874894706424,28.688748947049632,1.460875864722766e-11,NaN
q=0 call,call,100.0,71.42857142857143,0.05,0.0,0.15,0.0821917808219178,28.86436830252744,28.864368302556827,-2.9388047551037744e-11,NaN
q=0 call,call,100.0,71.42857142857143,0.08,0.0,0.15,0.0821917808219178,29.039555157462477,29.039555157475775,-1.3297807299750275e-11,NaN
q=0 call,call,100.0,71.42857142857143,0.0,0.0,0.3,0.0821917808219178,28.571504907936912,28.57150490763071,3.0620128654845757e-10,NaN
q=0 call,call,100.0,71.42857142857143,0.02,0.0,0.3,0.0821917808219178,28.688819121379897,28.688819121100238,2.7965896265413903e-10,NaN
q=0 call,call,100.0,71.42857142857143,0.05,0.0,0.3,0.0821917808219178,28.864430114882918,28.864430114635084,2.4783375351944414e-10,NaN
q=0 call,call,100.0,71.42857142857143,0.08,0.0,0.3,0.0821917808219178,29.039609563240425,29.03960956303088,2.0954615820301115e-10,NaN
q=0 call,call,100.0,71.42857142857143,0.0,0.0,0.6,0.0821917808219178,28.709775361593035,28.709775321579002,4.001403297593242e-8,0.0002814537125271644
q=0 call,call,100.0,71.42857142857143,0.02,0.0,0.6,0.0821917808219178,28.82352824979789,28.823528210069867,3.972802176122059e-8,0.0002849617737317881
q=0 call,call,100.0,71.42857142857143,0.05,0.0,0.6,0.0821917808219178,28.99394997376303,28.993949934500606,3.926242442275907e-8,0.0002900572053130707
q=0 call,call,100.0,71.42857142857143,0.08,0.0,0.6,0.0821917808219178,29.16411868357059,29.16411864475441,3.8816178715705973e-8,0.0002954101694264038
q=0 call,call,100.0,71.42857142857143,0.0,0.0,0.15,0.2493150684931507,28.57143312804496,28.571433128003164,4.179412371740909e-11,NaN
q=0 call,call,100.0,71.42857142857143,0.02,0.0,0.15,0.2493150684931507,28.92670973367632,28.92670973364166,3.466027465037769e-11,NaN
q=0 call,call,100.0,71.42857142857143,0.05,0.0,0.15,0.2493150684931507,29.456314679652955,29.45631467963281,2.014388655879884e-11,NaN
q=0 call,call,100.0,71.42857142857143,0.08,0.0,0.15,0.2493150684931507,29.98197373815917,29.98197373815303,6.139089236967266e-12,NaN
q=0 call,call,100.0,71.42857142857143,0.0,0.0,0.3,0.2493150684931507,28.625501862252474,28.625501835601398,2.6651076012740305e-8,0.00019785046533720205
q=0 call,call,100.0,71.42857142857143,0.02,0.0,0.3,0.2493150684931507,28.97568508686097,28.975685061325848,2.5535122460951243e-8,0.00020490688214279905
q=0 call,call,100.0,71.42857142857143,0.05,0.0,0.3,0.2493150684931507,29.498461374440915,29.498461350574374,2.3866540743711084e-8,0.0002156774726960231
q=0 call,call,100.0,71.42857142857143,0.08,0.0,0.3,0.2493150684931507,30.018167502669158,30.01816748044847,2.222068928858789e-8,0.0002267004109292551
q=0 call,call,100.0,71.42857142857143,0.0,0.0,0.6,0.2493150684931507,30.218703481189408,30.218703444132778,3.705662976472013e-8,4.182386527989256e-5
q=0 call,call,100.0,71.42857142857143,0.02,0.0,0.6,0.2493150684931507,30.51602033601011,30.516020296660834,3.9349277614064704e-8,4.536868082787313e-5
q=0 call,call,100.0,71.42857142857143,0.05,0.0,0.6,0.2493150684931507,30.961909518641054,30.961909476037285,4.260376940123933e-8,5.074399986355256e-5
q=0 call,call,100.0,71.42857142857143,0.08,0.0,0.6,0.2493150684931507,31.40760428497496,31.407604239294912,4.568004641214429e-8,5.624076027192847e-5
q=0 call,call,100.0,71.42857142857143,0.0,0.0,0.15,1.0,28.62605849754801,28.62605847077984,2.676816990287989e-8,9.85409869289222e-5
q=0 call,call,100.0,71.42857142857143,0.02,0.0,0.15,1.0,30.022368211336484,30.022368188986036,2.23504486029924e-8,0.00011307833347482533
q=0 call,call,100.0,71.42857142857143,0.05,0.0,0.15,1.0,32.074497920119,32.074497903955375,1.6163625105036772e-8,0.00013622311211547168
q=0 call,call,100.0,71.42857142857143,0.08,0.0,0.15,1.0,34.07312353590761,34.07312352487676,1.1030849123017106e-8,0.00016118017633155987
q=0 call,call,100.0,71.42857142857143,0.0,0.0,0.3,1.0,30.226007005387984,30.226006968493436,3.689454786126589e-8,2.075666915013565e-5
q=0 call,call,100.0,71.42857142857143,0.02,0.0,0.3,1.0,31.417562788658017,31.417562743069197,4.5588819830300054e-8,2.7979165721374528e-5
q=0 call,call,100.0,71.42857142857143,0.05,0.0,0.3,1.0,33.20041392188805,33.20041386577251,5.611553888229537e-8,3.956854494314942e-5
q=0 call,call,100.0,71.42857142857143,0.08,0.0,0.3,1.0,34.972509757713055,34.97250969408189,6.363116256125068e-8,5.206792571977225e-5
q=0 call,call,100.0,71.42857142857143,0.0,0.0,0.6,1.0,37.46997335741383,37.46997348052224,-1.2310841412954687e-7,4.4696536047608036e-5
q=0 call,call,100.0,71.42857142857143,0.02,0.0,0.6,1.0,38.33169581872365,38.33169592863498,-1.0991132626259059e-7,4.108951567263322e-5
q=0 call,call,100.0,71.42857142857143,0.05,0.0,0.6,1.0,39.62521914697784,39.625219237154575,-9.017673363587164e-8,3.529730274695711e-5
q=0 call,call,100.0,71.42857142857143,0.08,0.0,0.6,1.0,40.91826030862396,40.91826037931136,-7.068740615068236e-8,2.904244979327166e-5
q=0 call,call,100.0,71.42857142857143,0.0,0.0,0.15,2.0,29.00014735310892,29.00014729957421,5.353470911018121e-8,3.972178157411529e-5
q=0 call,call,100.0,71.42857142857143,0.02,0.0,0.15,2.0,31.63833411984556,31.638334067340352,5.250520729305208e-8,5.456245675832655e-5
q=0 call,call,100.0,71.42857142857143,0.05,0.0,0.15,2.0,35.49214489606686,35.492144852641275,4.3425586682133144e-8,7.995352227696118e-5
q=0 call,call,100.0,71.42857142857143,0.08,0.0,0.15,2.0,39.18614038184158,39.186140351001335,3.084024768895688e-8,0.00010898172790466523
q=0 call,call,100.0,71.42857142857143,0.0,0.0,0.3,2.0,32.87724487839671,32.877244906769704,-2.8372994620440295e-8,8.33476978212526e-6
q=0 call,call,100.0,71.42857142857143,0.02,0.0,0.3,2.0,34.93536663275389,34.93536663557723,-2.823341560542758e-9,9.158847716578132e-7
q=0 call,call,100.0,71.42857142857143,0.05,0.0,0.3,2.0,38.01970034844659,38.019700317690905,3.075568599797407e-8,1.1772658679243659e-5
q=0 call,call,100.0,71.42857142857143,0.08,0.0,0.3,2.0,41.0765577143606,41.07655765725172,5.710887762688799e-8,2.631542369010258e-5
q=0 call,call,100.0,71.42857142857143,0.0,0.0,0.6,2.0,44.48774048802854,44.48774071606873,-2.280401858456571e-7,5.6608455659589064e-5
q=0 call,call,100.0,71.42857142857143,0.02,0.0,0.6,2.0,45.88329722259125,45.883297427389365,-2.0479811269069614e-7,5.290327208385346e-5
q=0 call,call,100.0,71.42857142857143,0.05,0.0,0.6,2.0,47.968281464617334,47.96828163369555,-1.6907821276390678e-7,4.655687134714782e-5
q=0 call,call,100.0,71.42857142857143,0.08,0.0,0.6,2.0,50.03755074640769,50.03755087958407,-1.3317637836962604e-7,3.9285688369502514e-5
r=0 put,put,100.0,142.85714285714286,0.0,0.0,0.15,0.0821917808219178,42.85714285714286,42.857142857142875,-1.4210854715202004e-14,NaN
r=0 put,put,100.0,142.85714285714286,0.0,0.02,0.15,0.0821917808219178,43.02139138300396,43.02139138301234,-8.384404281969182e-12,NaN
r=0 put,put,100.0,142.85714285714286,0.0,0.05,0.15,0.0821917808219178,43.267258480732366,43.26725848072243,9.9333874459262e-12,NaN
r=0 put,put,100.0,142.85714285714286,0.0,0.08,0.15,0.0821917808219178,43.512520077591375,43.51252007760897,-1.759303813742008e-11,NaN
r=0 put,put,100.0,142.85714285714286,0.0,0.0,0.3,0.0821917808219178,42.85718072716449,42.85718072696926,1.9522872207744513e-10,NaN
r=0 put,put,100.0,142.85714285714286,0.0,0.02,0.3,0.0821917808219178,43.021426052811265,43.021426052653936,1.5732837255200138e-10,NaN
r=0 put,put,100.0,142.85714285714286,0.0,0.05,0.3,0.0821917808219178,43.267288830932515,43.267288830762,1.7051604572770884e-10,NaN
r=0 put,put,100.0,142.85714285714286,0.0,0.08,0.3,0.0821917808219178,43.51254662626259,43.51254662610708,1.5550938314845553e-10,NaN
r=0 put,put,100.0,142.85714285714286,0.0,0.0,0.6,0.0821917808219178,42.99976072381256,42.999760672115144,5.1697412573048496e-8,0.0003257741320616205
r=0 put,put,100.0,142.85714285714286,0.0,0.02,0.6,0.0821917808219178,43.16020355413691,43.16020350292665,5.121026447341137e-8,0.00032944828971180406
r=0 put,put,100.0,142.85714285714286,0.0,0.05,0.6,0.0821917808219178,43.40053280792199,43.400532757420166,5.050182494414912e-8,0.0003351855985475794
r=0 put,put,100.0,142.85714285714286,0.0,0.08,0.6,0.0821917808219178,43.640455736276024,43.64045568654147,4.9734552476365934e-8,0.00034062284451771694
r=0 put,put,100.0,142.85714285714286,0.0,0.0,0.15,0.2493150684931507,42.857144524056615,42.857144524034624,2.19912976717751e-11,NaN
r=0 put,put,100.0,142.85714285714286,0.0,0.02,0.15,0.2493150684931507,43.35453307631926,43.35453307628289,3.636557721620193e-11,NaN
r=0 put,put,100.0,142.85714285714286,0.0,0.05,0.15,0.2493150684931507,44.09598132929172,44.09598132929575,-4.035882739117369e-12,NaN
r=0 put,put,100.0,142.85714285714286,0.0,0.08,0.15,0.2493150684931507,44.83190483395873,44.83190483395839,3.410605131648481e-13,NaN
r=0 put,put,100.0,142.85714285714286,0.0,0.0,0.3,0.2493150684931507,42.90857762013576,42.90857758848563,3.16501314046036e-8,0.00022698714481602611
r=0 put,put,100.0,142.85714285714286,0.0,0.02,0.3,0.2493150684931507,43.400944506491754,43.400944476362525,3.012922888956382e-8,0.00023461717132269307
r=0 put,put,100.0,142.85714285714286,0.0,0.05,0.3,0.2493150684931507,44.13569417605744,44.135694148212295,2.7845146632898832e-8,0.00024583439063469696
r=0 put,put,100.0,142.85714285714286,0.0,0.08,0.3,0.2493150684931507,44.865813731538225,44.86581370588212,2.5656106572569115e-8,0.0002574470927984863
r=0 put,put,100.0,142.85714285714286,0.0,0.0,0.6,0.2493150684931507,44.889919912518906,44.88991984712439,6.539451646858652e-8,5.642404110263883e-5
r=0 put,put,100.0,142.85714285714286,0.0,0.02,0.6,0.2493150684931507,45.31415499311383,45.31415492491347,6.820036446697486e-8,6.018082392444626e-5
r=0 put,put,100.0,142.85714285714286,0.0,0.05,0.6,0.2493150684931507,45.95006129243414,45.950061220282336,7.21518063073745e-8,6.588204726585172e-5
r=0 put,put,100.0,142.85714285714286,0.0,0.08,0.6,0.2493150684931507,46.58530955264647,46.58530947679654,7.58499325570483e-8,7.171239253910964e-5
r=0 put,put,100.0,142.85714285714286,0.0,0.0,0.15,1.0,42.90915405917522,42.90915402731679,3.185843411301903e-8,0.00011320217896375598
r=0 put,put,100.0,142.85714285714286,0.0,0.02,0.15,1.0,44.871557116093584,44.87155709027846,2.5815126036832226e-8,0.0001283508005105159
r=0 put,put,100.0,142.85714285714286,0.0,0.05,0.15,1.0,47.75202896334069,47.75202894535863,1.7982060285248735e-8,0.00015299640314765865
r=0 put,put,100.0,142.85714285714286,0.0,0.08,0.15,1.0,50.5544645498432,50.55446453802077,1.1822436363218003e-8,0.00017915873016688947
r=0 put,put,100.0,142.85714285714286,0.0,0.0,0.3,1.0,44.89947455243639,44.89947448721864,6.521774764678412e-8,2.804355398967047e-5
r=0 put,put,100.0,142.85714285714286,0.0,0.02,0.3,1.0,46.598678988672816,46.59867891299139,7.56814273472628e-8,3.56604871014217e-5
r=0 put,put,100.0,142.85714285714286,0.0,0.05,0.3,1.0,49.136166440949836,49.1361663530965,8.785333704963705e-8,4.78819018656885e-5
r=0 put,put,100.0,142.85714285714286,0.0,0.08,0.3,1.0,51.65292286670943,51.65292277084109,9.586834437413927e-8,6.104449068565071e-5
r=0 put,put,100.0,142.85714285714286,0.0,0.0,0.6,1.0,54.77204805028368,54.77204820713352,-1.5684984333574903e-7,4.105839014952583e-5
r=0 put,put,100.0,142.85714285714286,0.0,0.02,0.6,1.0,56.00392934581155,56.003929483840565,-1.3802901577264493e-7,3.724586828794463e-5
r=0 put,put,100.0,142.85714285714286,0.0,0.05,0.6,1.0,57.85163736242091,57.851637472438135,-1.1001722555192828e-7,3.1135655017163006e-5
r=0 put,put,100.0,142.85714285714286,0.0,0.08,0.6,1.0,59.69694555902652,59.69694564155023,-8.25237123081024e-8,2.455564899090345e-5
r=0 put,put,100.0,142.85714285714286,0.0,0.0,0.15,2.0,43.340240210521365,43.340240133810596,7.671076929227638e-8,4.702276661024849e-5
r=0 put,put,100.0,142.85714285714286,0.0,0.02,0.15,2.0,47.07384332587857,47.07384325417584,7.17027290875194e-8,6.267362816615859e-5
r=0 put,put,100.0,142.85714285714286,0.0,0.05,0.15,2.0,52.50747945840384,52.507479402262035,5.614180764723642e-8,8.931707159301252e-5
r=0 put,put,100.0,142.85714285714286,0.0,0.08,0.15,2.0,57.69965887626594,57.699658838112626,3.8153316950229055e-8,0.0001196803568227986
r=0 put,put,100.0,142.85714285714286,0.0,0.0,0.3,2.0,48.45174114551376,48.45174116723808,-2.1724325449667958e-8,4.691515188135515e-6
r=0 put,put,100.0,142.85714285714286,0.0,0.02,0.3,2.0,51.39333706972185,51.393337056601695,1.3120157404955535e-8,3.1430017066455393e-6
r=0 put,put,100.0,142.85714285714286,0.0,0.05,0.3,2.0,55.79045589985806,55.790455842023206,5.78348533508688e-8,1.6458549924752803e-5
r=0 put,put,100.0,142.85714285714286,0.0,0.08,0.3,2.0,60.13618230271379,60.13618221096547,9.174831916425319e-8,3.1643338411225314e-5
r=0 put,put,100.0,142.85714285714286,0.0,0.0,0.6,2.0,64.56140865229342,64.56140896140639,-3.0911296278191003e-7,5.478926678287779e-5
r=0 put,put,100.0,142.85714285714286,0.0,0.02,0.6,2.0,66.55242669280709,66.55242696831431,-2.755072188165286e-7,5.08727666654715e-5
r=0 put,put,100.0,142.85714285714286,0.0,0.05,0.6,2.0,69.52442147362589,69.52442169789427,-2.2426837631428498e-7,4.42171888745773e-5
r=0 put,put,100.0,142.85714285714286,0.0,0.08,0.6,2.0,72.47097033654775,72.47097050966374,-1.7311599265212863e-7,3.6627094438038254e-5
r=0 put,put,100.0,117.64705882352942,0.0,0.0,0.15,0.0821917808219178,17.647145540255615,17.647145539954593,3.0102143000476644e-10,NaN
r=0 put,put,100.0,117.64705882352942,0.0,0.02,0.15,0.0821917808219178,17.811381007784313,17.811381007504238,2.800746301545587e-10,NaN
r=0 put,put,100.0,117.64705882352942,0.0,0.05,0.15,0.0821917808219178,18.057231966755204,18.057231966529216,2.2598811710849986e-10,NaN
r=0 put,put,100.0,117.64705882352942,0.0,0.08,0.15,0.0821917808219178,18.302480826272753,18.302480826095405,1.773479141320422e-10,NaN
r=0 put,put,100.0,117.64705882352942,0.0,0.0,0.3,0.0821917808219178,17.752927962973562,17.752927936223443,2.6750118564677905e-8,0.000128662189360659
r=0 put,put,100.0,117.64705882352942,0.0,0.02,0.3,0.0821917808219178,17.91196676777004,17.911966741307083,2.646295627073414e-8,0.00013209444235851272
r=0 put,put,100.0,117.64705882352942,0.0,0.05,0.3,0.0821917808219178,18.150444018923814,18.150443992920202,2.6003611708347307e-8,0.00013732789470719464
r=0 put,put,100.0,117.64705882352942,0.0,0.08,0.3,0.0821917808219178,18.38880038173599,18.38880035625671,2.5479280907347857e-8,0.00014247809970334744
r=0 put,put,100.0,117.64705882352942,0.0,0.0,0.6,0.0821917808219178,19.367970141552654,19.367970136143754,5.408899994563399e-9,6.8380939124734564e-6
r=0 put,put,100.0,117.64705882352942,0.0,0.02,0.6,0.0821917808219178,19.500368592346625,19.500368585657043,6.689582221497403e-9,8.541282006008076e-6
r=0 put,put,100.0,117.64705882352942,0.0,0.05,0.6,0.0821917808219178,19.699361087703085,19.699361079110375,8.592710543098292e-9,1.1137187898030748e-5
r=0 put,put,100.0,117.64705882352942,0.0,0.08,0.6,0.0821917808219178,19.898813553467853,19.89881354304788,1.0419974216802075e-8,1.371268648930341e-5
r=0 put,put,100.0,117.64705882352942,0.0,0.0,0.15,0.2493150684931507,17.690269270624118,17.690269251955627,1.8668490753270817e-8,9.10464881806836e-5
r=0 put,put,100.0,117.64705882352942,0.0,0.02,0.15,0.2493150684931507,18.180106868276997,18.180106850992388,1.7284609299395015e-8,9.785826379146564e-5
r=0 put,put,100.0,117.64705882352942,0.0,0.05,0.15,0.2493150684931507,18.912443564468916,18.912443549298345,1.5170570577538456e-8,0.0001083240734735226
r=0 put,put,100.0,117.64705882352942,0.0,0.08,0.15,0.2493150684931507,19.64141809730185,19.641418084141378,1.3160473599782563e-8,0.00011970457836923516
r=0 put,put,100.0,117.64705882352942,0.0,0.0,0.3,0.2493150684931507,18.793439059416784,18.793439039406223,2.0010560319860815e-8,1.673048658325922e-5
r=0 put,put,100.0,117.64705882352942,0.0,0.02,0.3,0.2493150684931507,19.215077319976217,19.21507729678497,2.3191248033072043e-8,2.0164223459019713e-5
r=0 put,put,100.0,117.64705882352942,0.0,0.05,0.3,0.2493150684931507,19.85070355000132,19.850703522424794,2.7576525951644726e-8,2.548069816538337e-5
r=0 put,put,100.0,117.64705882352942,0.0,0.08,0.3,0.2493150684931507,20.489658432094323,20.48965840054423,3.1550094092835934e-8,3.105772064087663e-5
r=0 put,put,100.0,117.64705882352942,0.0,0.0,0.6,0.2493150684931507,23.623758868840273,23.623758958652616,-8.981234245197811e-8,4.870068888939163e-5
r=0 put,put,100.0,117.64705882352942,0.0,0.02,0.6,0.2493150684931507,23.94993965569052,23.949939741321813,-8.563129227923127e-8,4.6978123445287734e-5
r=0 put,put,100.0,117.64705882352942,0.0,0.05,0.6,0.2493150684931507,24.441821868137083,24.441821947474324,-7.933724077702209e-8,4.4316143810545524e-5
r=0 put,put,100.0,117.64705882352942,0.0,0.08,0.6,0.2493150684931507,24.93670865093513,24.936708723892522,-7.295739123946987e-8,4.1518969091581604e-5
r=0 put,put,100.0,117.64705882352942,0.0,0.0,0.15,1.0,18.798368428401666,18.79836840852323,1.9878434898146224e-8,8.285311288317488e-6
r=0 put,put,100.0,117.64705882352942,0.0,0.02,0.15,1.0,20.498536011661155,20.49853598016935,3.1491804719507854e-8,1.5454902329909574e-5
r=0 put,put,100.0,117.64705882352942,0.0,0.05,0.15,1.0,23.083663578626116,23.083663535767514,4.2858602000706014e-8,2.778409836941325e-5
r=0 put,put,100.0,117.64705882352942,0.0,0.08,0.15,1.0,25.683870475278738,25.683870428192918,4.708581968770886e-8,4.196718252448553e-5
r=0 put,put,100.0,117.64705882352942,0.0,0.0,0.3,1.0,23.63895047586183,23.638950565949443,-9.008761381323893e-8,2.4382416279177522e-5
r=0 put,put,100.0,117.64705882352942,0.0,0.02,0.3,1.0,24.954818908291195,24.954818981515942,-7.322474715465432e-8,2.079994878002289e-5
r=0 put,put,100.0,117.64705882352942,0.0,0.05,0.3,1.0,26.96601035133464,26.96601039885421,-4.7519570500753616e-8,1.4634743073728294e-5
r=0 put,put,100.0,117.64705882352942,0.0,0.08,0.3,1.0,29.0136849566448,29.013684978995826,-2.2351027695322045e-8,7.538088782126089e-6
r=0 put,put,100.0,117.64705882352942,0.0,0.0,0.6,1.0,35.39208554723939,35.39208581549521,-2.6825581755929306e-7,6.72703070253563e-5
r=0 put,put,100.0,117.64705882352942,0.0,0.02,0.6,1.0,36.37225916309332,36.37225941913988,-2.5604656173072726e-7,6.547848153100485e-5
r=0 put,put,100.0,117.64705882352942,0.0,0.05,0.6,1.0,37.85431347298169,37.854313709413084,-2.3643139712703487e-7,6.23946948785581e-5
r=0 put,put,100.0,117.64705882352942,0.0,0.08,0.6,1.0,39.348550386446114,39.34855060199083,-2.1554471629769978e-7,5.8847565357321736e-5
r=0 put,put,100.0,117.64705882352942,0.0,0.0,0.15,2.0,20.572317807328044,20.572317831890302,-2.456225800528955e-8,5.4131304171145235e-6
r=0 put,put,100.0,117.64705882352942,0.0,0.02,0.15,2.0,23.607814074817473,23.607814066568935,8.248537852750815e-9,2.181235646559448e-6
r=0 put,put,100.0,117.64705882352942,0.0,0.05,0.15,2.0,28.295317075057184,28.295317030125403,4.493178096254269e-8,1.6693612682106147e-5
r=0 put,put,100.0,117.64705882352942,0.0,0.08,0.15,2.0,33.024394933969845,33.02439487214956,6.18202875557472e-8,3.49576608336906e-5
r=0 put,put,100.0,117.64705882352942,0.0,0.0,0.3,2.0,28.4072487433193,28.40724891513142,-1.718121183102994e-7,3.0901036101257306e-5
r=0 put,put,100.0,117.64705882352942,0.0,0.02,0.3,2.0,30.70560932243037,30.70560946429334,-1.4186296937168663e-7,2.7107474973226247e-5
r=0 put,put,100.0,117.64705882352942,0.0,0.05,0.3,2.0,34.23709144672469,34.23709154002177,-9.329708205996212e-8,1.9850775497339137e-5
r=0 put,put,100.0,117.64705882352942,0.0,0.08,0.3,2.0,37.836316421962934,37.83631646632881,-4.4365876306073915e-8,1.0723431143773502e-5
r=0 put,put,100.0,117.64705882352942,0.0,0.0,0.6,2.0,45.19981326424127,45.19981363706599,-3.7282472220567797e-7,6.789556575207826e-5
r=0 put,put,100.0,117.64705882352942,0.0,0.02,0.6,2.0,46.835311482647555,46.83531183430114,-3.516535826975087e-7,6.599960933236155e-5
r=0 put,put,100.0,117.64705882352942,0.0,0.05,0.6,2.0,49.298103380007696,49.298103696300814,-3.162931179190309e-7,6.236774416567312e-5
r=0 put,put,100.0,117.64705882352942,0.0,0.08,0.6,2.0,51.76507506411443,51.765075341767385,-2.776529584025411e-7,5.78080135932194e-5
r=0 put,put,100.0,100.0,0.0,0.0,0.15,0.0821917808219178,1.71546574761232,1.7154657696000655,-2.198774540218551e-8,1.9229005872029183e-5
r=0 put,put,100.0,100.0,0.0,0.02,0.15,0.0821917808219178,1.797433130281581,1.7974331522027711,-2.192119019639449e-8,1.920058716077348e-5
r=0 put,put,100.0,100.0,0.0,0.05,0.15,0.0821917808219178,1.9248158165878422,1.9248158381997058,-2.1611863632031714e-8,1.902583897359404e-5
r=0 put,put,100.0,100.0,0.0,0.08,0.15,0.0821917808219178,2.057478181752653,2.0574782028119074,-2.1059254340372036e-8,1.869492055976671e-5
r=0 put,put,100.0,100.0,0.0,0.0,0.3,0.0821917808219178,3.4301385999444376,3.4301386438779957,-4.393355812482014e-8,3.844799441535393e-5
r=0 put,put,100.0,100.0,0.0,0.02,0.3,0.0821917808219178,3.510071476686915,3.510071520547079,-4.386016394519743e-8,3.842234267244566e-5
r=0 put,put,100.0,100.0,0.0,0.05,0.3,0.0821917808219178,3.6320671407813636,3.6320671844517847,-4.367042105712926e-8,3.834006526869736e-5
r=0 put,put,100.0,100.0,0.0,0.08,0.3,0.0821917808219178,3.756567275579485,3.756567318930273,-4.335078784833968e-8,3.817431879035622e-5
r=0 put,put,100.0,100.0,0.0,0.0,0.6,0.0821917808219178,6.8539406308326765,6.853940718253547,-8.742087054258718e-8,7.67179802406999e-5
r=0 put,put,100.0,100.0,0.0,0.02,0.6,0.0821917808219178,6.930748081096919,6.930748168437475,-8.734055612080738e-8,7.671402535484202e-5
r=0 put,put,100.0,100.0,0.0,0.05,0.6,0.0821917808219178,7.046891019851785,7.046891106997144,-8.714535937315304e-8,7.665537760435817e-5
r=0 put,put,100.0,100.0,0.0,0.08,0.6,0.0821917808219178,7.164147771823017,7.164147858744805,-8.692178798952455e-8,7.65871299907511e-5
r=0 put,put,100.0,100.0,0.0,0.0,0.15,0.2493150684931507,2.9872672925843795,2.9872673308551683,-3.827078876028622e-8,1.9225941213950335e-5
r=0 put,put,100.0,100.0,0.0,0.02,0.15,0.2493150684931507,3.23513082317975,3.2351308610625438,-3.788279379079995e-8,1.9120859629526812e-5
r=0 put,put,100.0,100.0,0.0,0.05,0.15,0.2493150684931507,3.6291878469331613,3.629187883172875,-3.623971389643543e-8,1.8574930753908135e-5
r=0 put,put,100.0,100.0,0.0,0.08,0.15,0.2493150684931507,4.0493610002729366,4.0493610336805475,-3.340761089987154e-8,1.756288824744101e-5
r=0 put,put,100.0,100.0,0.0,0.0,0.3,0.2493150684931507,5.970348675011997,5.970348751257191,-7.624519415827535e-8,3.838364833643897e-5
r=0 put,put,100.0,100.0,0.0,0.02,0.3,0.2493150684931507,6.2074883346449,6.207488410559634,-7.591473405454963e-8,3.833391956438604e-5
r=0 put,put,100.0,100.0,0.0,0.05,0.3,0.2493150684931507,6.57328107577896,6.573281150664094,-7.488513453779433e-8,3.806625310282262e-5
r=0 put,put,100.0,100.0,0.0,0.08,0.3,0.2493150684931507,6.951003979102654,6.951004052300782,-7.319812755923749e-8,3.7550404018037136e-5
r=0 put,put,100.0,100.0,0.0,0.0,0.6,0.2493150684931507,11.907315475455125,11.907315625640912,-1.501857873620338e-7,7.624597688449815e-5
r=0 put,put,100.0,100.0,0.0,0.02,0.6,0.2493150684931507,12.12803000593753,12.12803015568121,-1.4974367879005968e-7,7.622185443902598e-5
r=0 put,put,100.0,100.0,0.0,0.05,0.6,0.2493150684931507,12.463144225130904,12.463144373936643,-1.4880573928621743e-7,7.608352789230094e-5
r=0 put,put,100.0,100.0,0.0,0.08,0.6,0.2493150684931507,12.803047886242304,12.803048033789928,-1.4754762389657117e-7,7.582524434458048e-5
r=0 put,put,100.0,100.0,0.0,0.0,0.15,1.0,5.978528734231437,5.978528810578943,-7.634750609497587e-8,1.919138167618277e-5
r=0 put,put,100.0,100.0,0.0,0.02,0.15,1.0,6.96184157124396,6.9618416445541556,-7.33101952477e-8,1.8779287197357524e-5
r=0 put,put,100.0,100.0,0.0,0.05,0.15,1.0,8.591658251191184,8.591658312089159,-6.089797466302116e-8,1.6592012637749635e-5
r=0 put,put,100.0,100.0,0.0,0.08,0.15,1.0,10.3896105947657,10.389610636349929,-4.158422939326556e-8,1.2542327909594026e-5
r=0 put,put,100.0,100.0,0.0,0.0,0.3,1.0,11.923538323670257,11.923538474048499,-1.503782414147281e-7,3.812068963629465e-5
r=0 put,put,100.0,100.0,0.0,0.02,0.3,1.0,12.821581244935683,12.82158139269142,-1.4775573831116162e-7,3.791649174912e-5
r=0 put,put,100.0,100.0,0.0,0.05,0.3,1.0,14.231254646269031,14.231254785985819,-1.3971678747282112e-7,3.6822525215479615e-5
r=0 put,put,100.0,100.0,0.0,0.08,0.3,1.0,15.711312420622551,15.711312547892973,-1.2727042175697534e-7,3.479498000483812e-5
r=0 put,put,100.0,100.0,0.0,0.0,0.6,1.0,23.582284155033726,23.582284437790527,-2.8275680108436063e-7,7.413891834560394e-5
r=0 put,put,100.0,100.0,0.0,0.02,0.6,1.0,24.351455604940888,24.35145588433548,-2.7939459101844477e-7,7.403471339371139e-5
r=0 put,put,100.0,100.0,0.0,0.05,0.6,1.0,25.523205393205387,25.523205665609503,-2.7240411526463504e-7,7.34872810294974e-5
r=0 put,put,100.0,100.0,0.0,0.08,0.6,1.0,26.715088929751694,26.71508919296491,-2.632132165558687e-7,7.247246830114693e-5
r=0 put,put,100.0,100.0,0.0,0.0,0.15,2.0,8.44700255489224,8.447002662322816,-1.0743057643480824e-7,1.9148984553099113e-5
r=0 put,put,100.0,100.0,0.0,0.02,0.15,2.0,10.388140907665768,10.388141006619293,-9.89535244855233e-8,1.8317060951709985e-5
r=0 put,put,100.0,100.0,0.0,0.05,0.15,2.0,13.676723182735987,13.676723249350488,-6.661450058231821e-8,1.3949424338385857e-5
r=0 put,put,100.0,100.0,0.0,0.08,0.15,2.0,17.327083671121766,17.327083693869604,-2.274783739153463e-8,5.8375977938053595e-6
r=0 put,put,100.0,100.0,0.0,0.0,0.3,2.0,16.79959693437646,16.79959714273636,-2.083599000002323e-7,3.777119302756499e-5
r=0 put,put,100.0,100.0,0.0,0.02,0.3,2.0,18.50280840614399,18.50280860722713,-2.0108313947275747e-7,3.7354102545816106e-5
r=0 put,put,100.0,100.0,0.0,0.05,0.3,2.0,21.193735075785913,21.193735255280203,-1.794942896538032e-7,3.517026645354416e-5
r=0 put,put,100.0,100.0,0.0,0.08,0.3,2.0,24.024674601979505,24.024674749538427,-1.4755892152606975e-7,3.111277557506168e-5
r=0 put,put,100.0,100.0,0.0,0.0,0.6,2.0,32.86267557811644,32.86267594591274,-3.677963036352594e-7,7.132943762430694e-5
r=0 put,put,100.0,100.0,0.0,0.02,0.6,2.0,34.21261122239749,34.21261158146497,-3.590674779729852e-7,7.112232577507249e-5
r=0 put,put,100.0,100.0,0.0,0.05,0.6,2.0,36.26133036677766,36.26133070787506,-3.410973974382614e-7,7.002780334705504e-5
r=0 put,put,100.0,100.0,0.0,0.08,0.6,2.0,38.33250166565813,38.332501983630024,-3.1797189592452924e-7,6.800087882483724e-5
r=0 put,put,100.0,86.95652173913044,0.0,0.0,0.15,0.0821917808219178,0.000616295133573658,0.0006162938973233931,1.2362502649181095e-9,NaN
r=0 put,put,100.0,86.95652173913044,0.0,0.02,0.15,0.0821917808219178,0.0007103411270260457,0.0007103397648627538,1.362163291884766e-9,NaN
r=0 put,put,100.0,86.95652173913044,0.0,0.05,0.15,0.0821917808219178,0.0008768514729443773,0.0008768499028353471,1.570109030204353e-9,NaN
r=0 put,put,100.0,86.95652173913044,0.0,0.08,0.15,0.0821917808219178,0.0010792406197103932,0.0010792388173815198,1.8023288733855225e-9,NaN
r=0 put,put,100.0,86.95652173913044,0.0,0.0,0.3,0.0821917808219178,0.17557208170368965,0.17557205747436733,2.4229322326263514e-8,8.514756459631366e-5
r=0 put,put,100.0,86.95652173913044,0.0,0.02,0.3,0.0821917808219178,0.18355716293833257,0.18355713881669722,2.4121635355811577e-8,8.225940803249355e-5
r=0 put,put,100.0,86.95652173913044,0.0,0.05,0.3,0.0821917808219178,0.1961151319839613,0.19611510807660437,2.3907356927477252e-8,7.798833744671362e-5
r=0 put,put,100.0,86.95652173913044,0.0,0.08,0.3,0.0821917808219178,0.20939719766108172,0.2093971740324232,2.362865852978402e-8,7.379269678021976e-5
r=0 put,put,100.0,86.95652173913044,0.0,0.0,0.6,0.0821917808219178,1.881929796350214,1.8819298077444948,-1.1394280852172756e-8,1.4916572951932647e-5
r=0 put,put,100.0,86.95652173913044,0.0,0.02,0.6,0.0821917808219178,1.9124363173820986,1.9124363299721487,-1.259005011355896e-8,1.6368703354898453e-5
r=0 put,put,100.0,86.95652173913044,0.0,0.05,0.6,0.0821917808219178,1.9588924334938942,1.9588924478688874,-1.4374993195787056e-8,1.8500175873367064e-5
r=0 put,put,100.0,86.95652173913044,0.0,0.08,0.6,0.0821917808219178,2.006190923941537,2.0061909401057534,-1.6164216187775082e-8,2.059650293183331e-5
r=0 put,put,100.0,86.95652173913044,0.0,0.0,0.15,0.2493150684931507,0.08423904944037904,0.08423902917609549,2.0264283542847927e-8,6.226420920974924e-5
r=0 put,put,100.0,86.95652173913044,0.0,0.02,0.15,0.2493150684931507,0.09953340389671125,0.09953338315417559,2.0742535661311123e-8,5.655365120319442e-5
r=0 put,put,100.0,86.95652173913044,0.0,0.05,0.15,0.2493150684931507,0.12698504984439662,0.12698502879248252,2.1051914100844726e-8,4.837678120687619e-5
r=0 put,put,100.0,86.95652173913044,0.0,0.08,0.15,0.2493150684931507,0.16072761677059483,0.1607275959825163,2.0788078536337906e-8,4.066655193954838e-5
r=0 put,put,100.0,86.95652173913044,0.0,0.0,0.3,0.2493150684931507,1.3176652971557352,1.3176652943284815,2.8272537644369322e-9,2.3587505514179668e-6
r=0 put,put,100.0,86.95652173913044,0.0,0.02,0.3,0.2493150684931507,1.3976367784831596,1.3976367790923376,-6.091780413441938e-10,4.941928186966231e-7
r=0 put,put,100.0,86.95652173913044,0.0,0.05,0.3,0.2493150684931507,1.5245411885180746,1.5245411944010137,-5.882939024814959e-9,4.585654051771009e-6
r=0 put,put,100.0,86.95652173913044,0.0,0.08,0.3,0.2493150684931507,1.6600590005291762,1.6600590117693557,-1.124017945386413e-8,8.439519055595578e-6
r=0 put,put,100.0,86.95652173913044,0.0,0.0,0.6,0.2493150684931507,5.787465080658033,5.7874651727066215,-9.204858830713647e-8,5.5874388293980005e-5
r=0 put,put,100.0,86.95652173913044,0.0,0.02,0.6,0.2493150684931507,5.922555299254035,5.9225553941368325,-9.488279761882268e-8,5.729991046119932e-5
r=0 put,put,100.0,86.95652173913044,0.0,0.05,0.6,0.2493150684931507,6.129079312358138,6.129079411338289,-9.898015029818907e-8,5.934667137687713e-5
r=0 put,put,100.0,86.95652173913044,0.0,0.08,0.6,0.2493150684931507,6.340278089051894,6.340278191912873,-1.0286097840150887e-7,6.12704954623593e-5
r=0 put,put,100.0,86.95652173913044,0.0,0.0,0.15,1.0,1.3226042189574292,1.3226042162544172,2.703012036420205e-9,1.124669482486713e-6
r=0 put,put,100.0,86.95652173913044,0.0,0.02,0.15,1.0,1.6665728054878675,1.6665728169020255,-1.141415806316104e-8,4.2743543010856565e-6
r=0 put,put,100.0,86.95652173913044,0.0,0.05,0.15,1.0,2.303525550372256,2.3035255830807166,-3.2708460828700936e-8,1.0812790356074355e-5
r=0 put,put,100.0,86.95652173913044,0.0,0.08,0.15,1.0,3.1000716203579355,3.1000716713182506,-5.09603150788962e-8,1.5478632810749527e-5
r=0 put,put,100.0,86.95652173913044,0.0,0.0,0.3,1.0,5.80103522084152,5.801035313129116,-9.228759623169935e-8,2.796386246613517e-5
r=0 put,put,100.0,86.95652173913044,0.0,0.02,0.3,1.0,6.355671316132879,6.3556714192538095,-1.031209304613867e-7,3.066339806172564e-5
r=0 put,put,100.0,86.95652173913044,0.0,0.05,0.3,1.0,7.2502479926262104,7.250248109036342,-1.1641013131225009e-7,3.3932261852350376e-5
r=0 put,put,100.0,86.95652173913044,0.0,0.08,0.3,1.0,8.219698572237899,8.21969869789423,-1.2565633156214062e-7,3.626585533924658e-5
r=0 put,put,100.0,86.95652173913044,0.0,0.0,0.6,1.0,16.099116300360915,16.09911653938981,-2.3902889623172996e-7,6.905812793046386e-5
r=0 put,put,100.0,86.95652173913044,0.0,0.02,0.6,1.0,16.69874384206871,16.69874408509789,-2.4302918077978575e-7,7.0410095805562e-5
r=0 put,put,100.0,86.95652173913044,0.0,0.05,0.6,1.0,17.61854056717746,17.61854081428502,-2.4710755752721525e-7,7.204195611535289e-5
r=0 put,put,100.0,86.95652173913044,0.0,0.08,0.6,1.0,18.56182858032109,18.561828829244984,-2.4892389305364304e-7,7.321073133760563e-5
r=0 put,put,100.0,86.95652173913044,0.0,0.0,0.15,2.0,3.0191977347513363,3.0191977726095587,-3.785822233481895e-8,8.990529952766815e-6
r=0 put,put,100.0,86.95652173913044,0.0,0.02,0.15,2.0,4.004733299925694,4.004733364080085,-6.415439113283128e-8,1.3973477725570885e-5
r=0 put,put,100.0,86.95652173913044,0.0,0.05,0.15,2.0,5.8613336229952875,5.861333712609017,-8.961372977012161e-8,1.8326739423957326e-5
r=0 put,put,100.0,86.95652173913044,0.0,0.08,0.15,2.0,8.175653655975088,8.175653747014884,-9.103979614621949e-8,1.8937298251797505e-5
r=0 put,put,100.0,86.95652173913044,0.0,0.0,0.3,2.0,10.012419291570357,10.01241945085972,-1.592893639212889e-7,3.2692402587647326e-5
r=0 put,put,100.0,86.95652173913044,0.0,0.02,0.3,2.0,11.229753266820719,11.229753439380968,-1.7256024875678122e-7,3.5182645861275705e-5
r=0 put,put,100.0,86.95652173913044,0.0,0.05,0.3,2.0,13.205437415527108,13.205437597543344,-1.8201623674940492e-7,3.7361785997687126e-5
r=0 put,put,100.0,86.95652173913044,0.0,0.08,0.3,2.0,15.349284710196184,15.349284888854342,-1.786581584894975e-7,3.7666563510131205e-5
r=0 put,put,100.0,86.95652173913044,0.0,0.0,0.6,2.0,24.588337088708727,24.58833741501659,-3.2630786250820165e-7,6.879059134353752e-5
r=0 put,put,100.0,86.95652173913044,0.0,0.02,0.6,2.0,25.709224224504094,25.70922455231856,-3.2781446535068426e-7,7.003674516721521e-5
r=0 put,put,100.0,86.95652173913044,0.0,0.05,0.6,2.0,27.422324506746936,27.422324831706877,-3.2495994162218267e-7,7.112654854326642e-5
r=0 put,put,100.0,86.95652173913044,0.0,0.08,0.6,2.0,29.168628208210766,29.168628524489968,-3.1627920193955106e-7,7.127678119105203e-5
r=0 put,put,100.0,71.42857142857143,0.0,0.0,0.15,0.0821917808219178,1.1498348700033364e-15,1.1497653929055007e-15,6.947709783566803e-20,NaN
r=0 put,put,100.0,71.42857142857143,0.0,0.02,0.15,0.0821917808219178,1.5628509491312904e-15,1.5627583200994253e-15,9.262903186501811e-20,NaN
r=0 put,put,100.0,71.42857142857143,0.0,0.05,0.15,0.0821917808219178,2.469933442109285e-15,2.469791250163022e-15,1.4219194626306935e-19,NaN
r=0 put,put,100.0,71.42857142857143,0.0,0.08,0.15,0.0821917808219178,3.89105072159241e-15,3.890833188625873e-15,2.175329665369563e-19,NaN
r=0 put,put,100.0,71.42857142857143,0.0,0.0,0.3,0.0821917808219178,7.633651303656483e-5,7.633620213341914e-5,3.109031456897471e-10,NaN
r=0 put,put,100.0,71.42857142857143,0.0,0.02,0.3,0.0821917808219178,8.287571993355312e-5,8.287538867763483e-5,3.312559182847268e-10,NaN
r=0 put,put,100.0,71.42857142857143,0.0,0.05,0.3,0.0821917808219178,9.369102915349217e-5,9.369066512839638e-5,3.6402509579294175e-10,NaN
r=0 put,put,100.0,71.42857142857143,0.0,0.08,0.3,0.0821917808219178,0.00010583829179478514,0.00010583789214178158,3.9965300356213304e-10,NaN
r=0 put,put,100.0,71.42857142857143,0.0,0.0,0.6,0.0821917808219178,0.1383467901644774,0.1383467501504403,4.001403711151319e-8,0.00028145374161632323
r=0 put,put,100.0,71.42857142857143,0.0,0.02,0.6,0.0821917808219178,0.1417648835879463,0.14176484335965212,4.0228294195809866e-8,0.0002779616201627602
r=0 put,put,100.0,71.42857142857143,0.0,0.05,0.6,0.0821917808219178,0.14703047395498908,0.14703043341700583,4.0537983247990184e-8,0.000272758041054267
r=0 put,put,100.0,71.42857142857143,0.0,0.08,0.6,0.0821917808219178,0.15246611270267502,0.1524660718703621,4.0832312919736324e-8,0.0002675905981150438
r=0 put,put,100.0,71.42857142857143,0.0,0.0,0.15,0.2493150684931507,4.556606180991009e-6,4.556574587718729e-6,3.1593272280159527e-11,NaN
r=0 put,put,100.0,71.42857142857143,0.0,0.02,0.15,0.2493150684931507,6.280178388894521e-6,6.2801372820167015e-6,4.110687781987599e-11,NaN
r=0 put,put,100.0,71.42857142857143,0.0,0.05,0.15,0.2493150684931507,1.0083684411694326e-5,1.0083623966358432e-5,6.044533589407981e-11,NaN
r=0 put,put,100.0,71.42857142857143,0.0,0.08,0.15,0.2493150684931507,1.604196827047162e-5,1.6041880377897595e-5,8.789257402398373e-11,NaN
r=0 put,put,100.0,71.42857142857143,0.0,0.0,0.3,0.2493150684931507,0.054073290812911706,0.054073264172828095,2.6640083611306764e-8,0.00019776886068687726
r=0 put,put,100.0,71.42857142857143,0.0,0.02,0.3,0.2493150684931507,0.05934583006298878,0.05934580244710164,2.761588714650376e-8,0.00019082347741411704
r=0 put,put,100.0,71.42857142857143,0.0,0.05,0.3,0.2493150684931507,0.06811576377792974,0.0681157347340442,2.904388554658688e-8,0.00018059492517116246
r=0 put,put,100.0,71.42857142857143,0.0,0.08,0.3,0.2493150684931507,0.07801964579025779,0.07801961537611524,3.04141425516713e-8,0.00017060320405778412
r=0 put,put,100.0,71.42857142857143,0.0,0.0,0.6,0.2493150684931507,1.647274909769023,1.6472748727042106,3.706481233045622e-8,4.1833100510650534e-5
r=0 put,put,100.0,71.42857142857143,0.0,0.02,0.6,0.2493150684931507,1.6985115670668938,1.6985115325300821,3.453681163279043e-8,3.83588149096487e-5
r=0 put,put,100.0,71.42857142857143,0.0,0.05,0.6,0.2493150684931507,1.7776931708982908,1.777693140253703,3.064458775625667e-8,3.3242932998864424e-5
r=0 put,put,100.0,71.42857142857143,0.0,0.08,0.6,0.2493150684931507,1.8597193351082753,1.8597193084625516,2.6645723627538587e-8,2.8249214208783554e-5
r=0 put,put,100.0,71.42857142857143,0.0,0.0,0.15,1.0,0.05462992612507449,0.054629899351263944,2.6773810543612164e-8,9.856175167700495e-5
r=0 put,put,100.0,71.42857142857143,0.0,0.02,0.15,1.0,0.07883361972032983,0.07883358917114647,3.05491833635374e-8,8.497860267553445e-5
r=0 put,put,100.0,71.42857142857143,0.0,0.05,0.15,1.0,0.132942818924439,0.13294278389943104,3.5025007949496256e-8,6.616561217848656e-5
r=0 put,put,100.0,71.42857142857143,0.0,0.08,0.15,1.0,0.21701712389478012,0.21701708703132683,3.68634532899037e-8,4.922276440434807e-5
r=0 put,put,100.0,71.42857142857143,0.0,0.0,0.3,1.0,1.6545784339559375,1.6545783970648635,3.689107397342184e-8,2.0754714759993378e-5
r=0 put,put,100.0,71.42857142857143,0.0,0.02,0.3,1.0,1.8681066194343583,1.8681065930127456,2.6421612675520123e-8,1.3963360131045389e-5
r=0 put,put,100.0,71.42857142857143,0.0,0.05,0.3,1.0,2.2276482606891372,2.227648251296996,9.392141286923561e-9,4.5568745781928536e-6
r=0 put,put,100.0,71.42857142857143,0.0,0.08,0.3,1.0,2.637472691932642,2.6374727006348113,-8.702169207452926e-9,3.915117203163958e-6
r=0 put,put,100.0,71.42857142857143,0.0,0.0,0.6,1.0,8.89854478597534,8.898544909093683,-1.2311834396427912e-7,4.470014123754729e-5
r=0 put,put,100.0,71.42857142857143,0.0,0.02,0.6,1.0,9.293178213371714,9.293178346926002,-1.335542876290674e-7,4.809611093220362e-5
r=0 put,put,100.0,71.42857142857143,0.0,0.05,0.6,1.0,9.904815507951085,9.904815656053803,-1.4810271764531535e-7,5.279817684918438e-5
r=0 put,put,100.0,71.42857142857143,0.0,0.08,0.6,1.0,10.539819958378942,10.53982011959097,-1.612120286154095e-7,5.7035184519673546e-5
r=0 put,put,100.0,71.42857142857143,0.0,0.0,0.15,2.0,0.42871878168957733,0.42871872814564593,5.3543931399779865e-8,3.972862434545261e-5
r=0 put,put,100.0,71.42857142857143,0.0,0.02,0.15,2.0,0.6452496867025588,0.6452496402140149,4.6488543903322466e-8,2.6561604663611348e-5
r=0 put,put,100.0,71.42857142857143,0.0,0.05,0.15,2.0,1.132340206986117,1.132340182920748,2.406536903087897e-8,9.931766392345726e-6
r=0 put,put,100.0,71.42857142857143,0.0,0.08,0.15,2.0,1.8737028820039356,1.8737028911497955,-9.145859847237148e-9,2.9534367579371414e-6
r=0 put,put,100.0,71.42857142857143,0.0,0.0,0.3,2.0,4.305816306977711,4.305816335341138,-2.8363427162503285e-8,8.33195927303477e-6
r=0 put,put,100.0,71.42857142857143,0.0,0.02,0.3,2.0,4.968574340351292,4.96857439374859,-5.3397297250512565e-8,1.4915949307384841e-5
r=0 put,put,100.0,71.42857142857143,0.0,0.05,0.3,2.0,6.08981063076643,6.089810718970121,-8.820369057360722e-8,2.3231187364236412e-5
r=0 put,put,100.0,71.42857142857143,0.0,0.08,0.3,2.0,7.366588140359517,7.366588257483404,-1.1712388658935424e-7,2.9673518318791006e-5
r=0 put,put,100.0,71.42857142857143,0.0,0.0,0.6,2.0,15.916311916590072,15.916312144640166,-2.2805009436410728e-7,5.661091533977771e-5
r=0 put,put,100.0,71.42857142857143,0.0,0.02,0.6,2.0,16.750063679883617,16.75006392060848,-2.407248622660063e-7,5.990196685571388e-5
r=0 put,put,100.0,71.42857142857143,0.0,0.05,0.6,2.0,18.037542155596384,18.037542411034526,-2.554381417496643e-7,6.406056495088916e-5
r=0 put,put,100.0,71.42857142857143,0.0,0.08,0.6,2.0,19.366095858349915,19.366096123226747,-2.648768315793859e-7,6.728299978732507e-5
