days,divfrac,tfrac,moneyness,exact,lattice_bp,fd_bp
30,0.005,0.25,0.9,11.939511300507494,0.007965042840884949,0.0048216448201807175
30,0.005,0.25,1.0,3.453815123993288,0.0013974329142720557,0.014251696934139621
30,0.005,0.25,1.1,0.5004249796719367,0.01029115916489844,0.007972781303077167
30,0.005,0.6,0.9,11.941716133659826,0.006183064617426666,0.00485104532647129
30,0.005,0.6,1.0,3.459412403811695,0.003040524050262756,0.014241402583039573
30,0.005,0.6,1.1,0.5033915083290834,0.012385378682573256,0.007994152632068286
30,0.005,0.85,0.9,11.943241595547084,0.004989787738851267,0.004870954626306583
30,0.005,0.85,1.0,3.463397989759238,0.004227782673110963,0.01423415293629928
30,0.005,0.85,1.1,0.5055689189168973,0.013944032388168721,0.008010409548976133
30,0.01,0.25,0.9,12.397888710451017,0.015562462226215268,0.0039521131593921255
30,0.01,0.25,1.0,3.7185032562112648,0.0032522628339293454,0.01418654383433802
30,0.01,0.25,1.1,0.5670519466146491,0.021145448579215756,0.008673005127881748
30,0.01,0.6,0.9,12.4019469193208,0.012051308835284021,0.004012063573218789
30,0.01,0.6,1.0,3.7296407701678174,0.006524911741439514,0.014167176463903143
30,0.01,0.6,1.1,0.5734260147657368,0.02542156753960676,0.008711310131572636
30,0.01,0.85,0.9,12.404755663594386,0.009679518906795309,0.004052347469039194
30,0.01,0.85,1.0,3.7375479490367995,0.008870954707801259,0.014153277654151008
30,0.01,0.85,1.1,0.5780967199054639,0.028599408719368096,0.008740186460458607
30,0.02,0.25,0.9,13.327718907899783,0.029704206409690716,0.002071339300849806
30,0.02,0.25,1.0,4.2851132065407915,0.008385885371046755,0.013941680052456799
30,0.02,0.25,1.1,0.7223006182768694,0.04452184675991893,0.009951617249483602
30,0.02,0.6,0.9,13.33451864627681,0.022921856984126684,0.002189852500041348
30,0.02,0.6,1.0,4.306904019114935,0.014874278354367497,0.013911198918174406
30,0.02,0.6,1.1,0.7368304450504402,0.05335066048684014,0.010008347828911603
30,0.02,0.85,0.9,13.339235290391766,0.018202760900582007,0.0022698514017229394
30,0.02,0.85,1.0,4.322287710388655,0.01944529311054026,0.013888942627344764
30,0.02,0.85,1.1,0.7474294571397454,0.059891814246032994,0.010050610559433569
91,0.005,0.25,0.9,13.413980568947936,0.0018322196293008514,0.01131766557426713
91,0.005,0.25,1.0,5.819614531401189,0.0012328465573244757,0.01443917523666571
91,0.005,0.25,1.1,2.0828367098180793,0.004162650624242816,0.01236739093363427
91,0.005,0.6,0.9,13.421197203655163,0.0002100408507075198,0.011328939194999164
91,0.005,0.6,1.0,5.829374726480659,0.002871809924070631,0.014428860330724571
91,0.005,0.6,1.1,2.090717069938514,0.006024222624040503,0.012369021791533074
91,0.005,0.85,0.9,13.426179953123542,0.0008824265405963589,0.011336347746804061
91,0.005,0.85,1.0,5.836322623743958,0.004029875736593982,0.014421452718624706
91,0.005,0.85,1.1,2.0964919035185674,0.007424956840690067,0.012370733536516885
91,0.01,0.25,0.9,13.80384107712737,0.0035412045901155207,0.011034795731354175
91,0.01,0.25,1.0,6.073422907482389,0.002621178903449975,0.014412309427256109
91,0.01,0.25,1.1,2.2099449968916605,0.008519572873087035,0.012593292481441892
91,0.01,0.6,0.9,13.817889558911856,0.00031833931227984353,0.011060361086185874
91,0.01,0.6,1.0,6.092919921226158,0.0058833402126724,0.01439236823180904
91,0.01,0.6,1.1,2.2260925243691445,0.012266789365480701,0.01259398918733422
91,0.01,0.85,0.9,13.827572418093766,0.001854454195792332,0.011076810964519299
91,0.01,0.85,1.0,6.106757641949536,0.00817241196270393,0.014378136751556702
91,0.01,0.85,1.1,2.2378936224081594,0.015067583872051446,0.012595312270679388
91,0.02,0.25,0.9,14.598856347170438,0.006584769261810086,0.010431881774463359
91,0.02,0.25,1.0,6.602653653611921,0.005906318229471399,0.014321195493806605
91,0.02,0.25,1.1,2.4823378816654436,0.01783795742733292,0.013004015723936805
91,0.02,0.6,0.9,14.625378703058328,0.00022468251693366861,0.010495277644494453
91,0.02,0.6,1.0,6.641402193063649,0.012392854279085097,0.014285102503721121
91,0.02,0.6,1.1,2.5160957970754345,0.0254342902505781,0.01299589465298445
91,0.02,0.85,0.9,14.64360476276584,0.004069258637681017,0.010535804242988136
91,0.02,0.85,1.0,6.66874241351534,0.016849185163761618,0.01425904403304857
91,0.02,0.85,1.1,2.5406246610462793,0.031176252729901027,0.012991110504734539
182,0.005,0.25,0.9,15.361050842830593,0.00036449127331968654,0.013053714327480094
182,0.005,0.25,1.0,8.117691600068763,0.0011826978121373408,0.0146390987944626
182,0.005,0.25,1.1,3.975894942874854,0.002670596227298012,0.013605263501359762
182,0.005,0.6,0.9,15.372967960784724,0.0011718589148669426,0.013056571086366282
182,0.005,0.6,1.0,8.131496944326745,0.002813005243102508,0.014628937752385605
182,0.005,0.6,1.1,3.9882569885051233,0.004505663309375321,0.013600157997063404
182,0.005,0.85,0.9,15.381189260970743,0.0021805064936149914,0.013057988879065178
182,0.005,0.85,1.0,8.141320411791591,0.0039573319397753276,0.014621907883845993
182,0.005,0.85,1.1,3.9973093639230948,0.005881513930311755,0.013596861017555325
182,0.01,0.25,0.9,15.710435237163336,0.0006398271465285364,0.012908949091689529
182,0.01,0.25,1.0,8.365497240130388,0.002460452770661069,0.01462126798850851
182,0.01,0.25,1.1,4.131556089003115,0.005438605032244268,0.013713873300042362
182,0.01,0.6,0.9,15.733956010524647,0.0024455660800407255,0.012916686336944002
182,0.01,0.6,1.0,8.393101496073344,0.005713496797465976,0.014601461582608844
182,0.01,0.6,1.1,4.156593220252144,0.009096338565160584,0.01370245815673066
182,0.01,0.85,0.9,15.750145414232787,0.004469512538032148,0.012921006593709837
182,0.01,0.85,1.0,8.412684764060833,0.007981008206147748,0.01458742625491227
182,0.01,0.85,1.1,4.1748726436472685,0.011819696842294463,0.013695067409826346
182,0.02,0.25,0.9,16.422142907868473,0.000937872239734951,0.012602318977014986
182,0.02,0.25,1.0,8.876496908312731,0.005331662245759366,0.014567286322131272
182,0.02,0.25,1.1,4.456995109422697,0.011309264521664742,0.013910691144948598
182,0.02,0.6,0.9,16.467870797347526,0.005245153971507055,0.012625998823611305
182,0.02,0.6,1.0,8.931569928441478,0.011857546858192111,0.014530373871035413
182,0.02,0.6,1.1,4.508236168503526,0.01861181530543236,0.013883502650065733
182,0.02,0.85,0.9,16.499210926333735,0.009317175786724499,0.012639552812930744
182,0.02,0.85,1.0,8.970408299409906,0.016446633092943915,0.014503909385746094
182,0.02,0.85,1.1,4.545418164316306,0.023937652042806137,0.013865192983673927
365,0.005,0.25,0.9,18.43601071837003,0.00038643523049068255,0.014129791654042165
365,0.005,0.25,1.0,11.371867925673019,0.001152350289589493,0.014956566043496208
365,0.005,0.25,1.1,6.859847715851688,0.0018946807008455625,0.01445405652029116
365,0.005,0.6,0.9,18.454246949233905,0.0019120121941974162,0.014128085783470254
365,0.005,0.6,1.0,11.391415666037824,0.002789664848293441,0.014946708937169356
365,0.005,0.6,1.1,6.878284297053742,0.003695539627565925,0.014445526463686662
365,0.005,0.85,0.9,18.466814701718633,0.0029056395648935384,0.014126429077754502
365,0.005,0.85,1.0,11.405313852815508,0.003933831025392635,0.014939905254601211
365,0.005,0.85,1.1,6.891771484079532,0.005034641579735964,0.014440069805725785
365,0.01,0.25,0.9,18.751228059021916,0.0008779346083126839,0.01405291135093179
365,0.01,0.25,1.0,11.613380809383633,0.002437542231422908,0.014942630848839386
365,0.01,0.25,1.1,7.03541033463576,0.003922788110453345,0.014503033442500427
365,0.01,0.6,0.9,18.787470624736525,0.003961053373137128,0.01405078643746338
365,0.01,0.6,1.0,11.652486361581037,0.0057360462999850575,0.014923402850742633
365,0.01,0.6,1.1,7.072532912027501,0.007526266853875913,0.014485548874416115
365,0.01,0.85,0.9,18.812383628407073,0.006011381187881598,0.014048511500857917
365,0.01,0.85,1.0,11.680205240935464,0.008057030242291992,0.014909953693651985
365,0.01,0.85,1.1,7.09960454323411,0.010183969067153777,0.014473995481036884
365,0.02,0.25,0.9,19.391734437283606,0.0018956432157040985,0.013891287755602088
365,0.02,0.25,1.0,12.107392356859885,0.005051025922504967,0.01490598345904703
365,0.02,0.25,1.1,7.3970629232938405,0.008061720943728617,0.01459109602836173
365,0.02,0.6,0.9,19.46324068992683,0.008007695467304548,0.013892192769294659
365,0.02,0.6,1.0,12.185563558267393,0.01159651612158794,0.014869726544291795
365,0.02,0.6,1.1,7.472233389143686,0.015258421978052026,0.01455480471636872
365,0.02,0.85,0.9,19.512149576346864,0.012046638603597197,0.013890511170811446
365,0.02,0.85,1.0,12.240638865022074,0.016125124423254148,0.014844032867008484
365,0.02,0.85,1.1,7.5267040592176935,0.02046776573544502,0.014530371136988724
