cp,days,divfrac,tfrac,moneyness,lattice,fd,absdiff,volbp
call,30,0.005,0.25,0.9,0.3582846085183544,0.35827879292132236,5.815597032055031e-6,0.011801638168854177
call,30,0.005,0.25,1.0,3.107849025905473,3.107837531914616,1.1493990857314174e-5,0.01010177411500205
call,30,0.005,0.25,1.1,9.425920543089646,9.425927225003287,6.681913641060078e-6,0.012150337189656751
call,30,0.005,0.6,0.9,0.36124376024949334,0.36124010236345855,3.6578860347913356e-6,0.0074222441236790945
call,30,0.005,0.6,1.0,3.1524730677252055,3.1525206473131964,4.75795879908425e-5,0.041816295907681364
call,30,0.005,0.6,1.1,9.582524161976469,9.582618735605564,9.457362909515155e-5,0.17198584147628185
call,30,0.005,0.85,0.9,0.3730182459569307,0.37303324071908284,1.4994762152109598e-5,0.03042383916288915
call,30,0.005,0.85,1.0,3.248063549849527,3.2481581431714583,9.459332193140213e-5,0.08313501705836845
call,30,0.005,0.85,1.1,9.703885830858589,9.704040417268677,0.00015458641008869733,0.281137675687229
call,30,0.01,0.25,0.9,0.313476322026392,0.31346812202039,8.200006001990445e-6,0.018173409256363425
call,30,0.01,0.25,1.0,2.8752452009120377,2.875243211396995,1.9895150429327657e-6,0.001758752238342587
call,30,0.01,0.25,1.1,9.302238285348816,9.30232095023077,8.266488195474153e-5,0.14034764098751099
call,30,0.01,0.6,0.9,0.3212388027091188,0.32124077114762956,1.968438510746573e-6,0.004361680717961231
call,30,0.01,0.6,1.0,3.017082109061594,3.0171484556077597,6.63465461658852e-5,0.05864999183356649
call,30,0.01,0.6,1.1,9.52624811640214,9.526345677366983,9.756096484281329e-5,0.16566353008698662
call,30,0.01,0.85,0.9,0.3504033124956266,0.3504666783368449,6.336584121829913e-5,0.1403856933328322
call,30,0.01,0.85,1.0,3.1945121484631693,3.1947264743538044,0.0002143258906350809,0.1894605150695648
call,30,0.01,0.85,1.1,9.682088584238736,9.682304166479605,0.000215582240869594,0.3661098795140134
call,30,0.02,0.25,0.9,0.23772695683136127,0.237716075584257,1.0881247104271852e-5,0.029148785522938064
call,30,0.02,0.25,1.0,2.505336970229531,2.505434210910885,9.724068135374964e-5,0.08802244327877587
call,30,0.02,0.25,1.1,9.224651518094701,9.224672569650748,2.1051556046813857e-5,0.03149892870641773
call,30,0.02,0.6,0.9,0.25931729360585426,0.25933101128024627,1.3717674392010881e-5,0.03673025845556269
call,30,0.02,0.6,1.0,2.8444798270485396,2.844589330129603,0.00010950308106316697,0.09911513677735208
call,30,0.02,0.6,1.1,9.474103424091751,9.474208575609005,0.0001051515172534323,0.15737870850120034
call,30,0.02,0.85,0.9,0.3229696099747702,0.3230315513678272,6.194139305698565e-5,0.16579941223851233
call,30,0.02,0.85,1.0,3.137487300742676,3.1378401211322395,0.00035282038956374606,0.31933363598471287
call,30,0.02,0.85,1.1,9.662057485989449,9.662260740579853,0.00020325459040471117,0.3042675434321951
call,91,0.005,0.25,0.9,2.0295744836003786,2.029555406031209,1.9077569169745345e-5,0.011874893951852377
call,91,0.005,0.25,1.0,5.788652695346029,5.788628349198871,2.4346147157849884e-5,0.012351877643384527
call,91,0.005,0.25,1.1,11.332543107877713,11.332531826850323,1.1281027390452891e-5,0.007758824792068391
call,91,0.005,0.6,0.9,2.0376587587530457,2.0376429054113294,1.5853341716276503e-5,0.009866992059246446
call,91,0.005,0.6,1.0,5.802895827535702,5.802884655836787,1.1171698914402839e-5,0.005667872880825395
call,91,0.005,0.6,1.1,11.369304360471336,11.36934664276835,4.2282297014750725e-5,0.02908311964072521
call,91,0.005,0.85,0.9,2.0646904083722077,2.0647246554277783,3.424705557053542e-5,0.02131359748993388
call,91,0.005,0.85,1.0,5.8932179723636064,5.8933287978212725,0.00011082545766605278,0.05622624647323967
call,91,0.005,0.85,1.1,11.538655933488588,11.538856245206883,0.00020031171829515415,0.13778876022628989
call,91,0.01,0.25,0.9,1.908884295292328,1.9088640965540602,2.0198738267751537e-5,0.012942294057956372
call,91,0.01,0.25,1.0,5.529014056185689,5.528994635819341,1.9420366347944196e-5,0.009871353164279
call,91,0.01,0.25,1.1,10.961602374741258,10.96161626302034,1.3888279083218436e-5,0.009338360200810565
call,91,0.01,0.6,0.9,1.9308924703942418,1.930887966379229,4.5040150127295675e-6,0.0028853401407230752
call,91,0.01,0.6,1.0,5.611429881105629,5.611470349104964,4.046799933554723e-5,0.020569482011009693
call,91,0.01,0.6,1.1,11.19249608676284,11.192624680502858,0.00012859374001727986,0.08647861126790568
call,91,0.01,0.85,0.9,2.0064034830322557,2.0065222447105673,0.00011876167831159634,0.07606932426260848
call,91,0.01,0.85,1.0,5.813675004032046,5.813953970070184,0.0002789660381381509,0.14179389230196005
call,91,0.01,0.85,1.1,11.478176364781687,11.478609565442126,0.00043320066043861516,0.2913570290146904
call,91,0.02,0.25,0.9,1.6837159142855356,1.6836952441477908,2.0670137744760453e-5,0.014095707925250094
call,91,0.02,0.25,1.0,5.047957600652374,5.047975740725289,1.8140072914896166e-5,0.009291982566853587
call,91,0.02,0.25,1.1,10.453141914213983,10.453252958454994,0.00011104424101127108,0.071618175535075
call,91,0.02,0.6,0.9,1.7536389907659984,1.753647266595535,8.275829536552592e-6,0.005641019956751141
call,91,0.02,0.6,1.0,5.339677196431774,5.339847847869647,0.0001706514378732038,0.08740734387364615
call,91,0.02,0.6,1.1,10.989965813489684,10.99035813366883,0.0003923201791451447,0.25309680940971496
call,91,0.02,0.85,0.9,1.925841414578755,1.9260780799990895,0.0002366654203345142,0.16126509947836912
call,91,0.02,0.85,1.0,5.713638783136016,5.714003608119681,0.0003648249836647466,0.18685307972968476
call,91,0.02,0.85,1.1,11.409053256473367,11.409568691945248,0.0005154354718808207,0.33258679395479335
call,182,0.005,0.25,0.9,4.348152417078983,4.348121380659719,3.1036419263941184e-5,0.011806644965877224
call,182,0.005,0.25,1.0,8.548162980472394,8.548129160497128,3.381997526652469e-5,0.012250477255606797
call,182,0.005,0.25,1.1,13.74999541460745,13.749972565219284,2.2849388166434892e-5,0.010112238877089213
call,182,0.005,0.6,0.9,4.361706153077866,4.361679382947101,2.677013076457513e-5,0.01018269904451612
call,182,0.005,0.6,1.0,8.563646945368454,8.56361808982847,2.885553998410728e-5,0.01045218678489408
call,182,0.005,0.6,1.1,13.764099236481925,13.764081160669665,1.8075812260320845e-5,0.00800028813731449
call,182,0.005,0.85,0.9,4.383465200606393,4.383488523848539,2.3323242145600886e-5,0.008870971524564605
call,182,0.005,0.85,1.0,8.61530889023918,8.615404439605992,9.554936681155368e-5,0.03461023305897423
call,182,0.005,0.85,1.1,13.862671214307156,13.862907551176908,0.00023633686975266244,0.10460782880911715
call,182,0.01,0.25,0.9,4.180367538949637,4.180337614768366,2.9924181271567818e-5,0.011548867441928375
call,182,0.01,0.25,1.0,8.277243269267153,8.277214266019204,2.9003247949077604e-5,0.010515294676880615
call,182,0.01,0.25,1.1,13.390085728437214,13.390069890133148,1.5838304065596276e-5,0.006930571373940574
call,182,0.01,0.6,0.9,4.207741811194756,4.207723073798603,1.873739615287917e-5,0.007229980016629408
call,182,0.01,0.6,1.0,8.317199951546922,8.317207854318973,7.902772050982776e-6,0.0028651465298080827
call,182,0.01,0.6,1.1,13.463487477392299,13.463560639034265,7.316164196602415e-5,0.03201919460529404
call,182,0.01,0.85,0.9,4.29864408303561,4.298763222484264,0.00011913944865415971,0.04596424203688025
call,182,0.01,0.85,1.0,8.513650145402242,8.513954367688836,0.0003042222865943245,0.11029432482964445
call,182,0.01,0.85,1.1,13.772392731497064,13.772801088038106,0.00040835654104220964,0.17873672298069623
call,182,0.02,0.25,0.9,3.8583281335515847,3.8583011516086465,2.698194293815348e-5,0.010741322563182984
call,182,0.02,0.25,1.0,7.751236456794878,7.751222208168288,1.4248626589719038e-5,0.005185516170524008
call,182,0.02,0.25,1.1,12.701184688867176,12.701247660782073,6.297191489679221e-5,0.026987087307299408
call,182,0.02,0.6,0.9,3.9435240721510003,3.943591564842214,6.749269121364421e-5,0.026856237080932578
call,182,0.02,0.6,1.0,7.959497804798458,7.959601058929887,0.00010325413142897588,0.03757470865319118
call,182,0.02,0.6,1.1,13.125506099896036,13.125908671789952,0.0004025718939164591,0.17257238871341318
call,182,0.02,0.85,0.9,4.177866518782189,4.178229805685725,0.0003632869035365971,0.1445103849498378
call,182,0.02,0.85,1.0,8.37933687867098,8.379973654857102,0.0006367761861216792,0.2317145276777809
call,182,0.02,0.85,1.1,13.661330244464622,13.66214962263781,0.000819378173186891,0.3513149952214401
call,365,0.005,0.25,0.9,8.229175801728367,8.229130301156983,4.55005713835277e-5,0.011533068692675891
call,365,0.005,0.25,1.0,12.699222804725899,12.699176980574018,4.582415188103539e-5,0.011956501969412359
call,365,0.005,0.25,1.1,17.59196644531802,17.5919299600914,3.648522661947595e-5,0.011040331334276737
call,365,0.005,0.6,0.9,8.250702580802884,8.250663683383154,3.889741972962213e-5,0.009858409979246441
call,365,0.005,0.6,1.0,12.722070873737742,12.72203222782367,3.8645914072432674e-5,0.010083509375125433
call,365,0.005,0.6,1.1,17.613767315328005,17.613737933322042,2.9382005962474977e-5,0.008891631072137815
call,365,0.005,0.85,0.9,8.265428108723329,8.265393476413669,3.463230966005426e-5,0.00877683535110378
call,365,0.005,0.85,1.0,12.73813378030102,12.738100081776764,3.3698524255498796e-5,0.008792611913882491
call,365,0.005,0.85,1.1,17.62944648883817,17.629422274045325,2.4214792844645672e-5,0.007328336777143116
call,365,0.01,0.25,0.9,8.018986823358127,8.018945606279866,4.121707826065801e-5,0.010522039110925486
call,365,0.01,0.25,1.0,12.415295355373228,12.415256427795084,3.8927578144054564e-5,0.010161339911720023
call,365,0.01,0.25,1.1,17.24531338626789,17.245285178685137,2.820758275134949e-5,0.008487537187881712
call,365,0.01,0.6,0.9,8.061804140449368,8.061776140254581,2.8000194786770294e-5,0.007146536868541747
call,365,0.01,0.6,1.0,12.46100131139567,12.460976786131274,2.452526439533642e-5,0.006401773436536366
call,365,0.01,0.6,1.1,17.28914661244452,17.289132649724966,1.3962719553006764e-5,0.004201963096997254
call,365,0.01,0.85,0.9,8.127149529169735,8.127318003978825,0.00016847480909021328,0.042993958886260564
call,365,0.01,0.85,1.0,12.578806761641049,12.57908511856701,0.0002783569259605656,0.07265805434007705
call,365,0.01,0.85,1.1,17.477484651830693,17.477974530499036,0.0004898786683433798,0.14744079661281356
call,365,0.02,0.25,0.9,7.608983016601895,7.608950365107465,3.26514944299916e-5,0.008464092244938637
call,365,0.02,0.25,1.0,11.858165569552899,11.858140636103018,2.4933449880748526e-5,0.006520262584533201
call,365,0.02,0.25,1.1,16.561798132433807,16.561787086751472,1.1045682335009133e-5,0.003289209224616059
call,365,0.02,0.6,0.9,7.696280241471832,7.69629259197253,1.2350500698588007e-5,0.003200135395457116
call,365,0.02,0.6,1.0,11.971584736289849,11.971679916090038,9.517980018891592e-5,0.024888450245711
call,365,0.02,0.6,1.1,16.72984298824327,16.730007000205344,0.00016401196207382895,0.04885320753695912
call,365,0.02,0.85,0.9,7.957262344837518,7.957592259239527,0.0003299144020090239,0.08545722156209568
call,365,0.02,0.85,1.0,12.399104491038674,12.399847530126513,0.0007430390878386817,0.19428714696597715
call,365,0.02,0.85,1.1,17.31474282412345,17.315384211309404,0.0006413871859543008,0.19108288542239288
put,30,0.005,0.25,0.9,11.750736394383441,11.750755942945146,1.9548561704496592e-5,0.03967005462833192
put,30,0.005,0.25,1.0,3.3028367656424105,3.302785058308981,5.170733342962919e-5,0.04544425072887727
put,30,0.005,0.25,1.1,0.46219304150086826,0.46217625056951644,1.679093135181775e-5,0.03053249242841126
put,30,0.005,0.6,0.9,11.70307312063588,11.703081480774715,8.360138835428188e-6,0.016963620723612283
put,30,0.005,0.6,1.0,3.306394000108436,3.306344272886272,4.972722216400882e-5,0.04370378821013376
put,30,0.005,0.6,1.1,0.46495511092472985,0.46493945012608756,1.5660798642291862e-5,0.02847977452546823
put,30,0.005,0.85,0.9,11.649526968845759,11.649517412210008,9.556635751195586e-6,0.01939007408608916
put,30,0.005,0.85,1.0,3.3015704012466855,3.301523174131964,4.7227114721604124e-5,0.04150638658028452
put,30,0.005,0.85,1.1,0.46661532687130325,0.46660140640719583,1.3920464107419761e-5,0.025316371092400647
put,30,0.01,0.25,0.9,12.213836385329062,12.213855998861995,1.9613532932893918e-5,0.04346884146988683
put,30,0.01,0.25,1.0,3.561819439145027,3.5617698020047754,4.963714025141286e-5,0.04387975443171731
put,30,0.01,0.25,1.1,0.5247982400200988,0.5247859872524286,1.2252767670140052e-5,0.02080263102551447
put,30,0.01,0.6,0.9,12.162782760777763,12.162790924037354,8.163259591853489e-6,0.018088211423985635
put,30,0.01,0.6,1.0,3.570245972552498,3.5702003663225743,4.560622992366703e-5,0.04031566324334435
put,30,0.01,0.6,1.1,0.5307546405939271,0.5307448466449647,9.793948962388832e-6,0.016630628461036925
put,30,0.01,0.85,0.9,12.107697180063898,12.107687419204897,9.760859001062272e-6,0.02162497856956446
put,30,0.01,0.85,1.0,3.5679521818044995,3.5679105457408102,4.163606368923212e-5,0.03680558633703374
put,30,0.01,0.85,1.1,0.5346544573825819,0.5346475931128133,6.864269768591669e-6,0.011657161405289152
put,30,0.02,0.25,0.9,13.153827986525013,13.15385019518516,2.2208660148237414e-5,0.05949276449743063
put,30,0.02,0.25,1.0,4.117887368138999,4.117843878607631,4.3489531368123835e-5,0.03936680363381281
put,30,0.02,0.25,1.1,0.6711903326140771,0.6711905699740539,2.373599767846457e-7,0.00035515593098535354
put,30,0.02,0.6,0.9,13.094665744190024,13.094674808450607,9.064260583002692e-6,0.02427034090531824
put,30,0.02,0.6,1.0,4.1353230546088495,4.135287666697607,3.538791124224616e-5,0.03203085820952135
put,30,0.02,0.6,1.1,0.6848297900814144,0.6848358361734842,6.04609206977802e-6,0.009049095878737354
put,30,0.02,0.85,0.9,13.036005027931726,13.03599586701935,9.160912375349994e-6,0.024521145108961136
put,30,0.02,0.85,1.0,4.137380526621864,4.137351768769742,2.8757852121863436e-5,0.026028397884091486
put,30,0.02,0.85,1.1,0.6940507516487925,0.6940627121925574,1.1960543764955034e-5,0.017904664599357425
put,91,0.005,0.25,0.9,12.813487774134028,12.813483232587632,4.541546395842033e-6,0.0028269000808325414
put,91,0.005,0.25,1.0,5.377796719803568,5.377700515294205,9.620450936331792e-5,0.04880880414847902
put,91,0.005,0.25,1.1,1.859394197987727,1.8593173359145072,7.686207321988547e-5,0.052863922639964596
put,91,0.005,0.6,0.9,12.746495617763577,12.74647740058964,1.8217173936463382e-5,0.011338222173590626
put,91,0.005,0.6,1.0,5.3779059046853295,5.377812624051187,9.328063414226762e-5,0.047325190251908504
put,91,0.005,0.6,1.1,1.8658953677871821,1.865821774682922,7.359310426013899e-5,0.05061969682449629
put,91,0.005,0.85,0.9,12.650780939275656,12.650748250668157,3.2688607499054e-5,0.020343699951264997
put,91,0.005,0.85,1.0,5.353111654094605,5.353018859390798,9.279470380718635e-5,0.04707851424711342
put,91,0.005,0.85,1.1,1.8649056914746003,1.864838378727663,6.731274693727585e-5,0.04630253300631592
put,91,0.01,0.25,0.9,13.204400623892422,13.204397571848673,3.052043748397182e-6,0.001955589856450019
put,91,0.01,0.25,1.0,5.622149337663034,5.622056231626304,9.310603673018392e-5,0.047325707137716805
put,91,0.01,0.25,1.1,1.9767804525323551,1.976707610985978,7.284154637710039e-5,0.048978033460987926
put,91,0.01,0.6,0.9,13.137277023098587,13.137262175963896,1.4847134691464703e-5,0.00951129904739005
put,91,0.01,0.6,1.0,5.630118131235099,5.630031493581892,8.663765320715555e-5,0.04403705837652534
put,91,0.01,0.6,1.1,1.9907265939130996,1.9906599996606862,6.659425241339889e-5,0.044784283172425395
put,91,0.01,0.85,0.9,13.033587697481952,13.033538038108823,4.96593731291739e-5,0.0318078610116117
put,91,0.01,0.85,1.0,5.609150274066328,5.609065874241028,8.439982530017431e-5,0.04289905616751318
put,91,0.01,0.85,1.1,1.9944608534683856,1.9944030575596836,5.7795908702029664e-5,0.03887169569773495
put,91,0.02,0.25,0.9,14.003354712572758,14.003356135327298,1.4227545399592145e-6,0.0009702273246665811
put,91,0.02,0.25,1.0,6.133338262793442,6.13325266602272,8.559677072206284e-5,0.04384567278531935
put,91,0.02,0.25,1.1,2.2292319896013852,2.2291690220767695,6.29675246157646e-5,0.04061101404154093
put,91,0.02,0.6,0.9,13.93371809474475,13.933710662091059,7.432653690742086e-6,0.0050662894415490455
put,91,0.02,0.6,1.0,6.156370942127172,6.156298955759784,7.198636738792175e-5,0.03687128129073158
put,91,0.02,0.6,1.1,2.2590635781292816,2.259013417256519,5.016087276255021e-5,0.032360193352968525
put,91,0.02,0.85,0.9,13.827810982928286,13.827769464826002,4.1518102284143765e-5,0.028290659808018936
put,91,0.02,0.85,1.0,6.142459264439955,6.142393317140235,6.594729971975966e-5,0.03377634922014361
put,91,0.02,0.85,1.1,2.272683979951325,2.272648223432253,3.5756519072283055e-5,0.023072036539975953
put,182,0.005,0.25,0.9,14.220786956200168,14.220768537870697,1.841832947135913e-5,0.007006564613126579
put,182,0.005,0.25,1.0,7.253393907401195,7.253264867416195,0.00012903998500046754,0.04674164865155182
put,182,0.005,0.25,1.1,3.430277853248894,3.430145269306136,0.00013258394275794672,0.058676428912182436
put,182,0.005,0.6,0.9,14.127567730744712,14.12755270779542,1.5022949291676468e-5,0.0057143602600775705
put,182,0.005,0.6,1.0,7.241104931090147,7.2409806917665565,0.00012423932359073575,0.045002540826284326
put,182,0.005,0.6,1.1,3.4367749760564976,3.436648262990429,0.00012671306606870658,0.05608273778863792
put,182,0.005,0.85,0.9,14.038010102633379,14.037977680994146,3.242163923289354e-5,0.012331537640402755
put,182,0.005,0.85,1.0,7.191786350856324,7.191662136844475,0.00012421401184870007,0.044993243207487786
put,182,0.005,0.85,1.1,3.4221252160488462,3.422006971513769,0.00011824453507713883,0.05233759800537276
put,182,0.01,0.25,0.9,14.567420942246176,14.567406257466548,1.4684779628737488e-5,0.005667408969593304
put,182,0.01,0.25,1.0,7.4885569455793854,7.488432400649062,0.00012454493032354463,0.0451544821863748
put,182,0.01,0.25,1.1,3.5717279986147794,3.571599881177484,0.0001281174372955718,0.05606200258221194
put,182,0.01,0.6,0.9,14.464605325028586,14.464576560403726,2.8764624859789478e-5,0.01109906954121602
put,182,0.01,0.6,1.0,7.486044283473629,7.485927561668785,0.00011672180484456618,0.04231743898797593
put,182,0.01,0.6,1.1,3.588990261197438,3.588872506057854,0.00011775513958367512,0.051535540056006676
put,182,0.01,0.85,0.9,14.303708080694122,14.303650503889903,5.757680421858424e-5,0.022213248380016516
put,182,0.01,0.85,1.0,7.428996880620332,7.428874805731756,0.00012207488857551851,0.04425766292410109
put,182,0.01,0.85,1.1,3.57935966479915,3.579252716124325,0.0001069486748250803,0.04681119008544803
put,182,0.02,0.25,0.9,15.275486738715355,15.27548070753728,6.031178074294985e-6,0.0024009697626479623
put,182,0.02,0.25,1.0,7.975196731233186,7.97508230622511,0.00011442500807667955,0.04164280156812378
put,182,0.02,0.25,1.1,3.8685546358789846,3.86843677728428,0.00011785859470458959,0.05050918636381498
put,182,0.02,0.6,0.9,15.175493005430843,15.175479147735413,1.385769543027493e-5,0.00551416082509958
put,182,0.02,0.6,1.0,7.992228390962715,7.992131707722535,9.668324018008434e-5,0.035183527585160655
put,182,0.02,0.6,1.1,3.908030633239863,3.9079326476751435,9.7985564719405e-5,0.04200393325662599
put,182,0.02,0.85,0.9,15.004311517862478,15.00424127854374,7.023931873817446e-5,0.027940206185950264
put,182,0.02,0.85,1.0,7.943713985446447,7.943615541211142,9.844423530491753e-5,0.03582256997581946
put,182,0.02,0.85,1.1,3.9109675459672433,3.9108869205525942,8.062541464903816e-5,0.03456879630071971
put,365,0.005,0.25,0.9,16.300396355333362,16.300396808904136,4.5357077382846e-7,0.00011496697145758393
put,365,0.005,0.25,1.0,9.681704116725431,9.681556972731313,0.00014714399411808188,0.03839301728982255
put,365,0.005,0.25,1.1,5.633007288834316,5.632821100698396,0.00018618813591952943,0.056340028595729785
put,365,0.005,0.6,0.9,16.193643694622452,16.19364597557788,2.280955428091147e-6,0.0005780998819668635
put,365,0.005,0.6,1.0,9.64469140238402,9.644557336514996,0.00013406586902320328,0.0349805271689544
put,365,0.005,0.6,1.1,5.6292980779962765,5.629123918230968,0.0001741597653088789,0.052704515229981076
put,365,0.005,0.85,0.9,16.119841779538596,16.119828831369276,1.2948169320736724e-5,0.00328144300342172
put,365,0.005,0.85,1.0,9.585818803969486,9.585674964496382,0.00014383947310392386,0.03753056529452527
put,365,0.005,0.85,1.1,5.594527624671368,5.594354346233205,0.0001732784381633934,0.05244078523510889
put,365,0.01,0.25,0.9,16.608511156709213,16.608516657629995,5.50092078199782e-6,0.001404294192039604
put,365,0.01,0.25,1.0,9.906785004099568,9.90664473890344,0.00014026519612819754,0.03661369146491265
put,365,0.01,0.25,1.1,5.789259948028284,5.789079850580016,0.00018009744826752438,0.054190527528988154
put,365,0.01,0.6,0.9,16.439217689593015,16.43923392463372,1.623504070380477e-5,0.004143696779096574
put,365,0.01,0.6,1.0,9.866459361137103,9.866335201376769,0.0001241597603343081,0.03240913707523731
put,365,0.01,0.6,1.1,5.797069177233023,5.796905625087562,0.00016355214546148744,0.04921964356978761
put,365,0.01,0.85,0.9,16.282555459258113,16.282547667715885,7.791542227408854e-6,0.001988364005246639
put,365,0.01,0.85,1.0,9.761309137060842,9.761175843366521,0.00013329369432035776,0.03479295674680002
put,365,0.01,0.85,1.1,5.747136666133537,5.746981010878568,0.00015565525496885613,0.04684820195822862
put,365,0.02,0.25,0.9,17.23676423566544,17.23678470942168,2.0473756240591e-5,0.005307314854831742
put,365,0.02,0.25,1.0,10.368954880319711,10.36882893143538,0.0001259488843317058,0.032936468960350206
put,365,0.02,0.25,1.1,6.1124371813658565,6.112269990566915,0.00016719079894134126,0.049786468727767715
put,365,0.02,0.6,0.9,17.050809791321427,17.050814590934557,4.7996131300465095e-6,0.0012436266542390905
put,365,0.02,0.6,1.0,10.350507831009576,10.350404135799439,0.00010369521013764427,0.02711513444141326
put,365,0.02,0.6,1.1,6.14892442701998,6.148786779565521,0.00013764745445943305,0.04100017812489684
put,365,0.02,0.85,0.9,16.764148330686933,16.764101067754392,4.726293254009306e-5,0.012242444928617088
put,365,0.02,0.85,1.0,10.217429977377204,10.21730378001636,0.00012619736084396038,0.03299762501637343
put,365,0.02,0.85,1.1,6.1058099438579045,6.105682223109808,0.00012772074809674905,0.0380507275622003
