days,cp,moneyness,t0,annual,ndiv,exdate_inside,reference,scalar_bp,matched_bp,schedule_bp
7,call,0.9,0.02,0.02,0,false,0.0043681338475331484,9.156473425750574,0.016898265814767693,0.016898265814767693
7,call,0.9,0.02,0.04,0,false,0.0043681338475331484,18.019457342611393,0.016898265814767693,0.016898265814767693
7,call,0.9,0.1,0.02,0,false,0.0043681338475331484,9.156473425750574,0.016898265814767693,0.016898265814767693
7,call,0.9,0.1,0.04,0,false,0.0043681338475331484,18.019457342611393,0.016898265814767693,0.016898265814767693
7,call,0.9,0.2,0.02,0,false,0.0043681338475331484,9.156473425750574,0.016898265814767693,0.016898265814767693
7,call,0.9,0.2,0.04,0,false,0.0043681338475331484,18.019457342611393,0.016898265814767693,0.016898265814767693
7,call,1.0,0.02,0.02,0,false,1.5848763164344541,35.66812032175726,0.01320096639932489,0.01320096639932489
7,call,1.0,0.02,0.04,0,false,1.5848763164344541,70.80472190725507,0.01320096639932489,0.01320096639932489
7,call,1.0,0.1,0.02,0,false,1.5848763164344541,35.66812032175726,0.01320096639932489,0.01320096639932489
7,call,1.0,0.1,0.04,0,false,1.5848763164344541,70.80472190725507,0.01320096639932489,0.01320096639932489
7,call,1.0,0.2,0.02,0,false,1.5848763164344541,35.66812032175726,0.01320096639932489,0.01320096639932489
7,call,1.0,0.2,0.04,0,false,1.5848763164344541,70.80472190725507,0.01320096639932489,0.01320096639932489
7,call,1.1,0.02,0.02,0,false,9.16855326202462,1558.6825134186674,0.010041659950366608,0.010041659950366608
7,call,1.1,0.02,0.04,0,false,9.16855326202462,2942.466086434306,0.010041659950366608,0.010041659950366608
7,call,1.1,0.1,0.02,0,false,9.16855326202462,1558.6825134186674,0.010041659950366608,0.010041659950366608
7,call,1.1,0.1,0.04,0,false,9.16855326202462,2942.466086434306,0.010041659950366608,0.010041659950366608
7,call,1.1,0.2,0.02,0,false,9.16855326202462,1558.6825134186674,0.010041659950366608,0.010041659950366608
7,call,1.1,0.2,0.04,0,false,9.16855326202462,2942.466086434306,0.010041659950366608,0.010041659950366608
7,put,0.9,0.02,0.02,0,false,11.111111111111073,2.6684460153275573e-9,2.6684460153275573e-9,2.6684460153275573e-9
7,put,0.9,0.02,0.04,0,false,11.111111111111073,107.51072688370706,2.6684460153275573e-9,2.6684460153275573e-9
7,put,0.9,0.1,0.02,0,false,11.111111111111073,2.6684460153275573e-9,2.6684460153275573e-9,2.6684460153275573e-9
7,put,0.9,0.1,0.04,0,false,11.111111111111073,107.51072688370706,2.6684460153275573e-9,2.6684460153275573e-9
7,put,0.9,0.2,0.02,0,false,11.111111111111073,2.6684460153275573e-9,2.6684460153275573e-9,2.6684460153275573e-9
7,put,0.9,0.2,0.04,0,false,11.111111111111073,107.51072688370706,2.6684460153275573e-9,2.6684460153275573e-9
7,put,1.0,0.02,0.02,0,false,1.51236705966705,29.819455324010825,0.1396564013071112,0.1396564013071112
7,put,1.0,0.02,0.04,0,false,1.51236705966705,60.540413133911315,0.1396564013071112,0.1396564013071112
7,put,1.0,0.1,0.02,0,false,1.51236705966705,29.819455324010825,0.1396564013071112,0.1396564013071112
7,put,1.0,0.1,0.04,0,false,1.51236705966705,60.540413133911315,0.1396564013071112,0.1396564013071112
7,put,1.0,0.2,0.02,0,false,1.51236705966705,29.819455324010825,0.1396564013071112,0.1396564013071112
7,put,1.0,0.2,0.04,0,false,1.51236705966705,60.540413133911315,0.1396564013071112,0.1396564013071112
7,put,1.1,0.02,0.02,0,false,0.00794131035069443,9.802536094257883,0.07289529219024746,0.07289529219024746
7,put,1.1,0.02,0.04,0,false,0.00794131035069443,19.82751363776824,0.07289529219024746,0.07289529219024746
7,put,1.1,0.1,0.02,0,false,0.00794131035069443,9.802536094257883,0.07289529219024746,0.07289529219024746
7,put,1.1,0.1,0.04,0,false,0.00794131035069443,19.82751363776824,0.07289529219024746,0.07289529219024746
7,put,1.1,0.2,0.02,0,false,0.00794131035069443,9.802536094257883,0.07289529219024746,0.07289529219024746
7,put,1.1,0.2,0.04,0,false,0.00794131035069443,19.82751363776824,0.07289529219024746,0.07289529219024746
14,call,0.9,0.02,0.02,1,true,0.051789822499513125,94.41278421909144,4.555507727200468,0.17506912074566425
14,call,0.9,0.02,0.04,1,true,0.04116830832284036,202.2291338707045,7.984090298203549,0.3544409610612376
14,call,0.9,0.1,0.02,0,false,0.06494169720041297,17.09369528981497,0.0019036099115949845,0.0019036099115949845
14,call,0.9,0.1,0.04,0,false,0.06494169720041297,33.60915728638994,0.0019036099115949845,0.0019036099115949845
14,call,0.9,0.2,0.02,0,false,0.06494169720041297,17.09369528981497,0.0019036099115949845,0.0019036099115949845
14,call,0.9,0.2,0.04,0,false,0.06494169720041297,33.60915728638994,0.0019036099115949845,0.0019036099115949845
14,call,1.0,0.02,0.02,1,true,2.059821175906914,210.58220586855995,29.090617138025564,0.2614428814078325
14,call,1.0,0.02,0.04,1,true,1.9329167347607095,327.9061335521239,104.28908611938003,0.020572413599503275
14,call,1.0,0.1,0.02,0,false,2.2632364191224075,51.03232575150628,0.013195138498119315,0.013195138498119315
14,call,1.0,0.1,0.04,0,false,2.2632364191224075,100.93508732124712,0.013195138498119315,0.013195138498119315
14,call,1.0,0.2,0.02,0,false,2.2632364191224075,51.03232575150628,0.013195138498119315,0.013195138498119315
14,call,1.0,0.2,0.04,0,false,2.2632364191224075,100.93508732124712,0.013195138498119315,0.013195138498119315
14,call,1.1,0.02,0.02,1,true,9.19770122586521,218.56280687668075,584.7996223018936,0.03810864426622516
14,call,1.1,0.02,0.04,1,true,9.18591820333024,75.8794898103231,449.151486257385,0.912749696655028
14,call,1.1,0.1,0.02,0,false,9.311457961258158,471.994730548988,0.0020095706626439033,0.0020095706626439033
14,call,1.1,0.1,0.04,0,false,9.311457961258158,905.0125418998589,0.0020095706626439033,0.0020095706626439033
14,call,1.1,0.2,0.02,0,false,9.311457961258158,471.994730548988,0.0020095706626439033,0.0020095706626439033
14,call,1.1,0.2,0.04,0,false,9.311457961258158,905.0125418998589,0.0020095706626439033,0.0020095706626439033
14,put,0.9,0.02,0.02,1,true,11.560319335308149,3733.921022148564,602.6599733005086,2.606171631010664
14,put,0.9,0.02,0.04,1,true,12.051114957245062,9374.07492102464,754.3098589072183,3.14368145857545
14,put,0.9,0.1,0.02,0,false,11.116856547123337,116.41506124932174,0.8751135151104463,0.8751135151104463
14,put,0.9,0.1,0.04,0,false,11.116856547123337,333.8036768718463,0.8751135151104463,0.8751135151104463
14,put,0.9,0.2,0.02,0,false,11.116856547123337,116.41506124932174,0.8751135151104463,0.8751135151104463
14,put,0.9,0.2,0.04,0,false,11.116856547123337,333.8036768718463,0.8751135151104463,0.8751135151104463
14,put,1.0,0.02,0.02,1,true,2.3738412051835556,286.6299066204661,20.655547870188883,0.14588618213078638
14,put,1.0,0.02,0.04,1,true,2.647147701547189,603.0198640292427,30.33641666904194,0.12630415908466072
14,put,1.0,0.1,0.02,0,false,2.119025177909284,41.18561358628011,0.1579118650076749,0.1579118650076749
14,put,1.0,0.1,0.04,0,false,2.119025177909284,83.92274077539304,0.1579118650076749,0.1579118650076749
14,put,1.0,0.2,0.02,0,false,2.119025177909284,41.18561358628011,0.1579118650076749,0.1579118650076749
14,put,1.0,0.2,0.04,0,false,2.119025177909284,83.92274077539304,0.1579118650076749,0.1579118650076749
14,put,1.1,0.02,0.02,1,true,0.10292333928554086,103.00566406309528,8.818221669820396,0.0806425889558008
14,put,1.1,0.02,0.04,1,true,0.12926176249371535,200.03713640188414,16.648019688888276,0.3024082027431352
14,put,1.1,0.1,0.02,0,false,0.08135578472060048,17.624375329929208,0.12802452413129642,0.12802452413129642
14,put,1.1,0.1,0.04,0,false,0.08135578472060048,35.743209167737106,0.12802452413129642,0.12802452413129642
14,put,1.1,0.2,0.02,0,false,0.08135578472060048,17.624375329929208,0.12802452413129642,0.12802452413129642
14,put,1.1,0.2,0.04,0,false,0.08135578472060048,35.743209167737106,0.12802452413129642,0.12802452413129642
30,call,0.9,0.02,0.02,1,true,0.35823259974624766,65.72708551873504,1.6902429728356767,0.06394874853841942
30,call,0.9,0.02,0.04,1,true,0.313382743872014,133.75977622442588,0.8715988362524747,0.12368039468170845
30,call,0.9,0.1,0.02,0,false,0.40822319619677877,32.84853270929204,0.0058565161262623825,0.0058565161262623825
30,call,0.9,0.1,0.04,0,false,0.40822319619677877,64.36009103575928,0.0058565161262623825,0.0058565161262623825
30,call,0.9,0.2,0.02,0,false,0.40822319619677877,32.84853270929204,0.0058565161262623825,0.0058565161262623825
30,call,0.9,0.2,0.04,0,false,0.40822319619677877,64.36009103575928,0.0058565161262623825,0.0058565161262623825
30,call,1.0,0.02,0.02,1,true,3.1076459818253674,148.28193195737245,7.022761428934188,0.03747383061347859
30,call,1.0,0.02,0.04,1,true,2.8739497539782,281.6676899329106,33.05629768179685,0.5007715863729949
30,call,1.0,0.1,0.02,0,false,3.363112165395801,76.09640517234956,0.01318071949872646,0.01318071949872646
30,call,1.0,0.1,0.04,0,false,3.363112165395801,149.597425050356,0.01318071949872646,0.01318071949872646
30,call,1.0,0.2,0.02,0,false,3.363112165395801,76.09640517234956,0.01318071949872646,0.01318071949872646
30,call,1.0,0.2,0.04,0,false,3.363112165395801,149.597425050356,0.01318071949872646,0.01318071949872646
30,call,1.1,0.02,0.02,1,true,9.423091660723761,405.97816528623866,16.58774692418528,0.8125104143771538
30,call,1.1,0.02,0.04,1,true,9.297646643576421,360.8927553320135,132.53557553725568,1.0433178282328632
30,call,1.1,0.1,0.02,0,false,9.793489007212571,287.57548622537655,0.008316489660846043,0.008316489660846043
30,call,1.1,0.1,0.04,0,false,9.793489007212571,553.6631542157301,0.008316489660846043,0.008316489660846043
30,call,1.1,0.2,0.02,0,false,9.793489007212571,287.57548622537655,0.008316489660846043,0.008316489660846043
30,call,1.1,0.2,0.04,0,false,9.793489007212571,553.6631542157301,0.008316489660846043,0.008316489660846043
30,put,0.9,0.02,0.02,1,true,11.751303325980102,769.652937339003,301.80573227393893,0.4910748958578875
30,put,0.9,0.02,0.04,1,true,12.214477333402069,1668.497724958678,351.40965640783537,0.48784098043845703
30,put,0.9,0.1,0.02,0,false,11.300167220067229,134.12103483524115,0.6136416154156481,0.6136416154156481
30,put,0.9,0.1,0.04,0,false,11.300167220067229,301.34029462701955,0.6136416154156481,0.6136416154156481
30,put,0.9,0.2,0.02,0,false,11.300167220067229,134.12103483524115,0.6136416154156481,0.6136416154156481
30,put,0.9,0.2,0.04,0,false,11.300167220067229,301.34029462701955,0.6136416154156481,0.6136416154156481
30,put,1.0,0.02,0.02,1,true,3.3026828282226113,157.95944020953732,24.54444524839,0.1545417564465117
30,put,1.0,0.02,0.04,1,true,3.5615654932250407,326.1920691533138,30.492439035615323,0.12622977659959528
30,put,1.0,0.1,0.02,0,false,3.0564931822921797,58.29974782874352,0.17084847466720687,0.17084847466720687
30,put,1.0,0.1,0.04,0,false,3.0564931822921797,119.37189259231575,0.17084847466720687,0.17084847466720687
30,put,1.0,0.2,0.02,0,false,3.0564931822921797,58.29974782874352,0.17084847466720687,0.17084847466720687
30,put,1.0,0.2,0.04,0,false,3.0564931822921797,119.37189259231575,0.17084847466720687,0.17084847466720687
30,put,1.1,0.02,0.02,1,true,0.46212423890958615,72.57428000663015,7.189268065396871,0.07626090393219068
30,put,1.1,0.02,0.04,1,true,0.5246738895109823,145.2852146803293,11.039759634663788,0.037209522911062276
30,put,1.1,0.1,0.02,0,false,0.4059451738949067,31.795393445132756,0.1877866794881514,0.1877866794881514
30,put,1.1,0.1,0.04,0,false,0.4059451738949067,64.80224457651249,0.1877866794881514,0.1877866794881514
30,put,1.1,0.2,0.02,0,false,0.4059451738949067,31.795393445132756,0.1877866794881514,0.1877866794881514
30,put,1.1,0.2,0.04,0,false,0.4059451738949067,64.80224457651249,0.1877866794881514,0.1877866794881514
60,call,0.9,0.02,0.02,1,true,1.1646298519226905,28.707623988605036,1.6949266874876365,0.021262159961201406
60,call,0.9,0.02,0.04,1,true,1.0717002514652927,57.69143038530333,1.016173582277389,0.03235265509841884
60,call,0.9,0.1,0.02,1,true,1.1730497406911415,21.148194502084372,8.970111041463953,0.020073892792077698
60,call,0.9,0.1,0.04,1,true,1.0937992621319235,36.954787574881585,19.19405179167366,0.12568875921950556
60,call,0.9,0.2,0.02,0,false,1.2635247259624878,57.5845862922306,0.009181170959950639,0.009181170959950639
60,call,0.9,0.2,0.04,0,false,1.2635247259624878,112.1539169890167,0.009181170959950639,0.009181170959950639
60,call,1.0,0.02,0.02,1,true,4.581424210343079,54.9964582567063,1.6861000667592694,0.015974621041910664
60,call,1.0,0.02,0.04,1,true,4.324760319578567,110.40492446976121,14.705505495551433,0.05906436605589444
60,call,1.0,0.1,0.02,1,true,4.610870741363219,36.65404224281735,19.504570739672257,0.29458384713917946
60,call,1.0,0.1,0.04,1,true,4.446498231910396,34.354426170614786,60.48612476926661,0.796163187892563
60,call,1.0,0.2,0.02,0,false,4.846907457165109,110.27087262618709,0.013151333114554636,0.013151333114554636
60,call,1.0,0.2,0.04,0,false,4.846907457165109,214.95970827045176,0.013151333114554636,0.013151333114554636
60,call,1.1,0.02,0.02,1,true,10.364121233866662,130.50179422749125,1.391326808271428,0.06784581390407582
60,call,1.1,0.02,0.04,1,true,9.977385099801694,251.4018759789537,74.6908606188199,1.2431440936668199
60,call,1.1,0.1,0.02,1,true,10.468704173825124,32.18006794046238,98.52472986412306,1.5873374007346202
60,call,1.1,0.1,0.04,1,true,10.346073966153385,83.54402190288636,258.7816448694989,2.7296035749359198
60,call,1.1,0.2,0.02,0,false,10.77413921390103,264.36113419885726,0.011016402835914265,0.011016402835914265
60,call,1.1,0.2,0.04,0,false,10.77413921390103,506.8774860825569,0.011016402835914265,0.011016402835914265
60,put,0.9,0.02,0.02,1,true,12.265850939853689,227.86372230497048,145.16418132169238,0.3106740529451614
60,put,0.9,0.02,0.04,1,true,12.684801627658498,459.3547580711334,220.0522235781837,0.31275030225871137
60,put,0.9,0.1,0.02,1,true,12.203388483541541,171.78248931486806,89.89511773485184,0.04691579203928064
60,put,0.9,0.1,0.04,1,true,12.62091088368231,399.31842031615685,162.5275423362602,0.040915077215952236
60,put,0.9,0.2,0.02,0,false,11.853638046247866,136.25566008010568,0.33752512378078253,0.33752512378078253
60,put,0.9,0.2,0.04,0,false,11.853638046247866,293.8112745227751,0.33752512378078253,0.33752512378078253
60,put,1.0,0.02,0.02,1,true,4.477297436575239,68.87192616877758,25.65654477794263,0.15011543221769363
60,put,1.0,0.02,0.04,1,true,4.724246595734052,139.1540668053283,38.21663775957286,0.11492352322648182
60,put,1.0,0.1,0.02,1,true,4.482489803248376,72.10580549461297,29.300262896038934,0.1593209830862574
60,put,1.0,0.1,0.04,1,true,4.738974873498961,148.35114609162778,48.392327786883605,0.11466601296883787
60,put,1.0,0.2,0.02,0,false,4.2394176300848745,79.22990562935334,0.17289079625575085,0.17289079625575085
60,put,1.0,0.2,0.04,0,false,4.2394176300848745,163.09589327473293,0.17289079625575085,0.17289079625575085
60,put,1.1,0.02,0.02,1,true,1.1864924700164423,35.339965549913785,8.386356819478188,0.16524287982258248
60,put,1.1,0.02,0.04,1,true,1.2830300271569042,71.38251951028627,12.958658208752535,0.08974575611774491
60,put,1.1,0.1,0.02,1,true,1.1936290449343172,42.054266296429944,15.352546527123629,0.15014065543417357
60,put,1.1,0.1,0.04,1,true,1.298039183912345,85.03545952290139,27.15970171044697,0.05732403469694717
60,put,1.1,0.2,0.02,0,false,1.0960197850515796,51.54799623856521,0.233058923812002,0.233058923812002
60,put,1.1,0.2,0.04,0,false,1.0960197850515796,105.69378297492874,0.233058923812002,0.233058923812002
91,call,0.9,0.02,0.02,1,true,2.02556227664818,0.7605884422077623,1.1163204776135367,0.03154197646782296
91,call,0.9,0.02,0.04,1,true,1.901066764391583,0.06793979912086148,0.9546133527385916,0.05015128435501136
91,call,0.9,0.1,0.02,1,true,2.0330458461243364,5.418493306295249,5.517427263893862,0.003124164374362744
91,call,0.9,0.1,0.04,1,true,1.915787561536778,9.363546098598553,9.912818010184111,0.009632969155369221
91,call,0.9,0.2,0.02,1,true,2.0540522082478163,18.49133247028614,18.27043564440267,0.09237276419642228
91,call,0.9,0.2,0.04,1,true,1.9829001181832202,52.34952810124859,52.30915160003271,0.3166605667561795
91,call,1.0,0.02,0.02,1,true,5.783459192071518,0.5099659715802469,1.1179893453719567,0.0076645974426058795
91,call,1.0,0.02,0.04,1,true,5.518510842287529,4.270054076908859,2.6403275933824033,0.005844129205766997
91,call,1.0,0.1,0.02,1,true,5.793217984452002,5.461021942216082,5.63013116593966,0.021869647535610614
91,call,1.0,0.1,0.04,1,true,5.544980869304174,9.18460138119984,10.060123033819496,0.19054084061215493
91,call,1.0,0.2,0.02,1,true,5.864657845291474,41.70535315416093,41.32774440070982,0.32575055751902304
91,call,1.0,0.2,0.04,1,true,5.762889112002479,119.94389057577776,119.87950359867129,0.6773637812893729
91,call,1.1,0.02,0.02,1,true,11.328336521452146,0.06935975557688198,1.1235048245997221,0.024262840572964187
91,call,1.1,0.02,0.04,1,true,10.94085834209245,21.230059003153812,18.450906600094672,0.06748247901257126
91,call,1.1,0.1,0.02,1,true,11.336306733809167,5.412550916331464,5.744340860339874,0.05802278983631751
91,call,1.1,0.1,0.04,1,true,11.03075825160099,39.218889157009556,40.71283785227406,0.8463130003699019
91,call,1.1,0.2,0.02,1,true,11.496350758319071,115.50159393846265,114.76067758941822,1.0755337268422955
91,call,1.1,0.2,0.04,1,true,11.417013048762323,299.00308162825763,298.89315982361387,2.066463703075433
91,put,0.9,0.02,0.02,1,true,12.816229474946134,91.50325455309542,90.80795949795043,0.29798330632708303
91,put,0.9,0.02,0.04,1,true,13.2051963700763,171.9396305840381,169.35583131351126,0.2949711474475982
91,put,0.9,0.1,0.02,1,true,12.795266719508808,78.44720297221996,78.25389340960443,0.1637396687117949
91,put,0.9,0.1,0.04,1,true,13.186441806817086,159.89109343549842,158.50463886601577,0.17250917285227937
91,put,0.9,0.2,0.02,1,true,12.670775222375292,0.9602602496333006,1.3917451116868287,0.20138273687150207
91,put,0.9,0.2,0.04,1,true,13.05739033563528,77.19079372314661,77.29257805017257,0.14124589330276419
91,put,1.0,0.02,0.02,1,true,5.373261810713072,23.12229070578887,22.6873674873184,0.1566420899504996
91,put,1.0,0.02,0.04,1,true,5.613113665371544,43.81688118322065,42.34255094039137,0.14608855083237757
91,put,1.0,0.1,0.02,1,true,5.380511055344581,26.800055329661042,26.679099329202312,0.14212102756950235
91,put,1.0,0.1,0.04,1,true,5.628605378234155,51.69053332792361,50.898938154851606,0.10643606238553457
91,put,1.0,0.2,0.02,1,true,5.360420784566198,16.607309757993846,16.877351162152667,0.11006826570833367
91,put,1.0,0.2,0.04,1,true,5.615857224374719,45.20979917479646,45.26795588218278,0.07151821107916556
91,put,1.1,0.02,0.02,1,true,1.855896593850836,8.83124717053001,8.531188547793402,0.2227932248212929
91,put,1.1,0.02,0.04,1,true,1.9696677038468435,17.141843407507185,16.157586855779268,0.1864521626245394
91,put,1.1,0.1,0.02,1,true,1.86237754549851,13.28950479297804,13.20605328722227,0.19511013441654332
91,put,1.1,0.1,0.04,1,true,1.9830177841708985,26.12133652030611,25.592803860906695,0.12921299066037237
91,put,1.1,0.2,0.02,1,true,1.8659581426486682,15.75369889385552,15.940029653758739,0.15657116277496766
91,put,1.1,0.2,0.04,1,true,1.9946938470329298,33.9787122443087,34.017544032881986,0.08432567750294206
182,call,0.9,0.02,0.02,2,true,4.183189584588025,7.7141114664671955,7.974604919018176,0.02340501415802535
182,call,0.9,0.02,0.04,2,true,3.8637378177845547,10.322840082797072,11.976100563951334,0.030835716929275205
182,call,0.9,0.1,0.02,2,true,4.195549397417969,12.482937818520735,12.31361229010998,0.005247445877409909
182,call,0.9,0.1,0.04,2,true,3.8971107972878722,23.602805712566592,24.489298876819415,0.06166421093021581
182,call,0.9,0.2,0.02,2,true,4.244458632096215,31.35294201479177,30.64828316921222,0.3842281297678478
182,call,0.9,0.2,0.04,2,true,4.027346560630921,75.4158504232163,75.34719952436153,1.1923543707948225
182,call,1.0,0.02,0.02,2,true,8.280733348615916,7.795701945409226,8.186055908778119,0.001302196980785347
182,call,1.0,0.02,0.04,2,true,7.758592881564051,3.6650534922472304,5.978679337787784,0.03326773157985579
182,call,1.0,0.1,0.02,2,true,8.294943787075905,12.947666349985854,12.693913931540537,0.031866689517757354
182,call,1.0,0.1,0.04,2,true,7.830026556754423,29.660799055083,30.901912456285174,0.23381245395373976
182,call,1.0,0.2,0.02,2,true,8.39583562391655,49.52574041485107,48.469655433704496,0.7929689829293189
182,call,1.0,0.2,0.04,2,true,8.066089032964312,115.56306380338522,115.46692172395947,1.3300371493097969
182,call,1.1,0.02,0.02,2,true,13.393470511542223,7.7685788560961395,8.38845689807688,0.032133861458513484
182,call,1.1,0.02,0.04,2,true,12.704613862897558,10.038737453592226,6.748038678020477,0.13989222364490264
182,call,1.1,0.1,0.02,2,true,13.406496050923636,13.46938070760464,13.066399571330104,0.06638780860485263
182,call,1.1,0.1,0.04,2,true,12.839849987278642,47.92555417709086,49.691177937667554,0.5586009135931962
182,call,1.1,0.2,0.02,2,true,13.572877552548334,86.2890566262444,84.61176580909344,1.6922776514200804
182,call,1.1,0.2,0.04,2,true,13.162576136577801,186.28309910526372,186.14625997875095,2.0351159893720143
182,put,0.9,0.02,0.02,2,true,14.483331665269263,64.12414897036636,63.7815591223663,0.431440913836819
182,put,0.9,0.02,0.04,2,true,15.17426749281666,148.68287570466455,145.80252824726512,0.4573700303344875
182,put,0.9,0.1,0.02,2,true,14.427096409972332,42.4173604652451,42.640028738994246,0.32861004169263425
182,put,0.9,0.1,0.04,2,true,15.0890195900085,114.72426594731265,113.18103069561283,0.3688621636742839
182,put,0.9,0.2,0.02,2,true,14.329863479533756,4.89536697105383,5.821813044634605,0.06903488078808673
182,put,0.9,0.2,0.04,2,true,14.93347935784613,52.80721616271913,52.9265760739792,0.03451343250935458
182,put,1.0,0.02,0.02,2,true,7.473251045919776,36.677923281680826,36.422636917340526,0.04738298589733386
182,put,1.0,0.02,0.04,2,true,7.958684577338384,76.48401730477103,74.47345471502942,0.015652755641568566
182,put,1.0,0.1,0.02,2,true,7.455226026196487,30.14262450694914,30.308540412209982,0.02238541628537236
182,put,1.0,0.1,0.04,2,true,7.945198972667563,71.57389629710396,70.49619727599985,0.025982722742527886
182,put,1.0,0.2,0.02,2,true,7.408911740508976,13.351148294802341,14.041485901315601,0.06936762772893137
182,put,1.0,0.2,0.04,2,true,7.88923931278909,51.2072042330278,51.290602246818615,0.012027741672509322
182,put,1.1,0.02,0.02,2,true,3.571477884735006,23.48533771159013,23.28718479394691,0.19319372035619625
182,put,1.1,0.02,0.04,2,true,3.8702541316099706,47.495138365480244,45.98056262993098,0.1430499799676967
182,put,1.1,0.1,0.02,2,true,3.5729801100207124,24.14439619179353,24.27319411662962,0.13632964167862674
182,put,1.1,0.1,0.04,2,true,3.880734401056537,51.99319942549359,51.18123758793727,0.05556309077291003
182,put,1.1,0.2,0.02,2,true,3.5584460986729733,17.78556045153988,18.32153521202399,0.10429025483293898
182,put,1.1,0.2,0.04,2,true,3.8732490599745772,48.792426201514445,48.855280498206774,0.012309051604824105
365,call,0.9,0.02,0.02,4,true,7.642918399555951,22.92829779941021,21.650032691753704,0.05684647274103522
365,call,0.9,0.02,0.04,4,true,6.895642861562997,30.319159078222494,31.90802037285037,0.1373196722012485
365,call,0.9,0.1,0.02,4,true,7.662212282184416,27.92599832906644,25.9399941374837,0.05978996123926879
365,call,0.9,0.1,0.04,4,true,6.963586610441789,48.541029705231324,48.91760454402163,0.4903195088858698
365,call,0.9,0.2,0.02,4,true,7.739042612134334,47.830616732917214,44.963070862114854,0.7607278820209932
365,call,0.9,0.2,0.04,4,true,7.135977981455818,94.76485940927124,93.63101850152215,1.2326972926281639
365,call,1.0,0.02,0.02,4,true,11.895413066926048,24.012432396980746,22.283127597099966,0.0876768011995989
365,call,1.0,0.02,0.04,4,true,10.866853080365127,20.277060980225432,22.290028584811953,0.39219526696005425
365,call,1.0,0.1,0.02,4,true,11.916246357209026,29.45986298493043,26.77285019091934,0.09216793437258536
365,call,1.0,0.1,0.04,4,true,10.976464160868979,49.15465943690477,49.6319000558067,0.8329172583726657
365,call,1.0,0.2,0.02,4,true,12.036426217767348,60.885139367293235,57.00499369503071,1.319575614867015
365,call,1.0,0.2,0.04,4,true,11.213756641181641,111.66436038956638,110.22690747585207,2.0981011607064692
365,call,1.1,0.02,0.02,4,true,16.598360899097408,25.17490297106602,22.790477642963015,0.12418411279168597
365,call,1.1,0.02,0.04,4,true,15.34074451349066,3.712153529448424,6.252047895543116,0.7673126168391872
365,call,1.1,0.1,0.02,4,true,16.618557795624696,31.191804106765748,27.486446363325648,0.1310304264531663
365,call,1.1,0.1,0.04,4,true,15.495912252125466,49.14465164123856,49.746986560292676,1.3518775575079576
365,call,1.1,0.2,0.02,4,true,16.785904293549347,81.03964744166676,75.68821367120175,1.7577256928078964
365,call,1.1,0.2,0.04,4,true,15.786770009634782,134.32168503797794,132.50706538068653,2.460484557361997
365,put,0.9,0.02,0.02,4,true,16.944172451213053,46.45276141811186,47.650336925531064,0.4177125673568412
365,put,0.9,0.02,0.04,4,true,18.06135254562628,120.64535003365236,118.56976599235378,0.3833424961706916
365,put,0.9,0.1,0.02,4,true,16.879286738218536,29.632814647126516,31.492850719143014,0.383175803203084
365,put,0.9,0.1,0.04,4,true,17.9539092364507,91.78933938420211,91.29790880718524,0.29530537553724867
365,put,0.9,0.2,0.02,4,true,16.78521491232998,5.253312210173631,7.93799368862036,0.34320351856209436
365,put,0.9,0.2,0.04,4,true,17.791371163706664,48.166161524905974,49.644557225739746,0.20827847044824127
365,put,1.0,0.02,0.02,4,true,10.24706738217242,39.731048011118816,40.73398808174983,0.08116602286098411
365,put,1.0,0.02,0.04,4,true,11.162903836126244,98.28185952916571,96.62852996177818,0.14018980581671556
365,put,1.0,0.1,0.02,4,true,10.213233992654528,30.883160269949986,32.44097708061952,0.07435487371274
365,put,1.0,0.1,0.04,4,true,11.113436136263326,85.24228871717862,84.85063844291142,0.10545757005063885
365,put,1.0,0.2,0.02,4,true,10.15515418135667,15.695265960457649,17.943954083403618,0.056400397535752905
365,put,1.0,0.2,0.04,4,true,11.024405452212063,61.780587171251106,62.95886368918462,0.06237863169869257
365,put,1.1,0.02,0.02,4,true,6.073633260316244,36.135385251787106,36.98596237759068,0.03724214499005996
365,put,1.1,0.02,0.04,4,true,6.759450674628939,84.99882393604152,83.63427382910943,0.09059358636291859
365,put,1.1,0.1,0.02,4,true,6.059414340660638,31.90275748584619,33.223966727396714,0.043763594337625465
365,put,1.1,0.1,0.04,4,true,6.745722821396935,80.98734495122902,80.6641134302518,0.06987904707295195
365,put,1.1,0.2,0.02,4,true,6.028198235882637,22.607287300803833,24.51450975934182,0.020660216356565633
365,put,1.1,0.2,0.04,4,true,6.707691578765155,69.860191964586,70.83272497051681,0.10168593761443531
730,call,0.9,0.02,0.02,8,true,12.851724782838613,54.409358549271936,48.74755394519451,0.30832674699964474
730,call,0.9,0.02,0.04,8,true,11.20981256678025,64.82229592443458,67.30925952009383,0.6891026225163565
730,call,0.9,0.1,0.02,8,true,12.881151879048993,59.830840257393056,53.01765988718197,0.18300543402858968
730,call,0.9,0.1,0.04,8,true,11.31720340171734,85.47169051824315,86.06115977226179,1.1312524523024066
730,call,0.9,0.2,0.02,8,true,12.984892184947839,78.95431848884418,70.70655128442957,1.3361662959377596
730,call,0.9,0.2,0.04,8,true,11.520770331536736,124.6040228018015,122.82855421567145,2.0342659663148885
730,call,1.0,0.02,0.02,8,true,17.04399499977667,56.692631701136264,49.64244436785048,0.34964646079260253
730,call,1.0,0.02,0.04,8,true,15.019486974981788,46.671645652013,49.59982837202722,1.2945784908693516
730,call,1.0,0.1,0.02,8,true,17.07479319271778,62.63114737164283,54.14599445759031,0.22679243139684058
730,call,1.0,0.1,0.04,8,true,15.16038531107683,74.25557359004569,74.94975933224399,1.6123921918820145
730,call,1.0,0.2,0.02,8,true,17.21261991755608,89.21134457402819,78.93766087614091,1.7781433298975855
730,call,1.0,0.2,0.04,8,true,15.402189678472155,121.58458343525686,119.49393842972589,2.29412812254151
730,call,1.1,0.02,0.02,8,true,21.299225132442203,58.50565450846149,49.72693379875313,0.3966914814362305
730,call,1.1,0.02,0.04,8,true,18.967248676024138,21.656685800959185,25.06197953794042,1.7194373911101928
730,call,1.1,0.1,0.02,8,true,21.329873597180395,65.05064104095997,54.483313648443925,0.276676871512845
730,call,1.1,0.1,0.04,8,true,19.14023338885519,58.22612959456202,59.03368222044901,1.878429128548359
730,call,1.1,0.2,0.02,8,true,21.501954788776093,101.78912560906875,88.9916228938129,2.387830646689406
730,call,1.1,0.2,0.04,8,true,19.41678336195827,116.6927775385701,114.26009260689165,2.684964712982754
730,put,0.9,0.02,0.02,8,true,20.238854141028973,36.467349380449726,40.375582857949794,0.8160081224740641
730,put,0.9,0.02,0.04,8,true,22.048417677907395,111.49569092003331,108.93438699856259,0.9767403888168691
730,put,0.9,0.1,0.02,8,true,20.17414183456718,24.5268491244094,29.227308342821548,0.6972521358016325
730,put,0.9,0.1,0.04,8,true,21.931133840275926,88.88688769525041,88.28049240593016,0.6245311326573582
730,put,0.9,0.2,0.02,8,true,20.084716608780376,8.031131235291552,13.717612235864761,0.5881369753719093
730,put,0.9,0.2,0.04,8,true,21.767855659621492,57.43802880371964,59.26224340134758,0.5552651697570891
730,put,1.0,0.02,0.02,8,true,13.770384518963212,41.976561693926335,45.514482316759626,0.49329424143288114
730,put,1.0,0.02,0.04,8,true,15.397806482692232,120.76267512972485,118.53416580767126,0.729723746855878
730,put,1.0,0.1,0.02,8,true,13.727065141433863,33.61995349865242,37.87538222509943,0.32641299527875967
730,put,1.0,0.1,0.04,8,true,15.323421587338457,106.1807233887631,105.65296152804925,0.3490159331507483
730,put,1.0,0.2,0.02,8,true,13.663775333990289,21.41198324783605,26.56080353458439,0.3182723466216593
730,put,1.0,0.2,0.04,8,true,15.21285676128061,84.51628627864,86.1041767974789,0.28295918135713827
730,put,1.1,0.02,0.02,8,true,9.41140286190352,46.74694781652872,49.94631063182887,0.32929482348546596
730,put,1.1,0.02,0.04,8,true,10.808326710999301,129.30137134806333,127.33493179933895,0.6458984858128642
730,put,1.1,0.1,0.02,8,true,9.384036927650314,40.907611484987406,44.756359170904716,0.17215611415292886
730,put,1.1,0.1,0.04,8,true,10.768398974494872,120.86435960372732,120.3985886826795,0.2906073243336908
730,put,1.1,0.2,0.02,8,true,9.340935671904422,31.709071797378428,36.36631356215871,0.1621520243470656
730,put,1.1,0.2,0.04,8,true,10.703038608026276,107.05109220262716,108.45239865626719,0.25586606302680154
